INSERT INTO  contacts_type(id,name,`regexp`) 
VALUES (9001,"email","^([a-z0-9_-]+\.)*[a-z0-9_-]+@[a-z0-9_-]+(\.[a-z0-9_-]+)*\.[a-z]{2,6}$"),
(9002,"phone","^\+\d{2}\(\d{3}\)\d{3}-\d{2}-\d{2}$"),
(9003,"email","^([a-z0-9_-]+\.)*[a-z0-9_-]+@[a-z0-9_-]+(\.[a-z0-9_-]+)*\.[a-z]{2,6}$"),
(9004,"phone","^\+\d{2}\(\d{3}\)\d{3}-\d{2}-\d{2}$"),
(9005,"email","^([a-z0-9_-]+\.)*[a-z0-9_-]+@[a-z0-9_-]+(\.[a-z0-9_-]+)*\.[a-z]{2,6}$");

INSERT INTO users_group(id, name, parent_id)
VALUES (9001, "Разработчики", NULL),
(9002, "PHP-разработчики", 9001),
(9003, "Java-разработчики", 9001),
(9004, "C++-разработчики", 9001),
(9005, "Дизайнеры", NULL),
(9006, "WEB-дизайнеры", 9005),
(9007, "Администратор",NULL);


INSERT INTO user(id, name, password, first_name, middle_name, last_name, is_admin, group_id)
VALUES (9001, "admin", "admin", "Иванов", "Иван", "Иванович", TRUE, 9007),
(9002, "Petya", "1111qwert", "Петров", "Петр", "Петрович", FALSE, 9002),
(9003, "Vasya", "zxcv111", "Ручкин", "Иван", "Васильевич", FALSE, 9003),
(9004, "Petya1", "p", "Русина", "Татьяна", "Юрьевна", FALSE, 9004),
(9005, "Lana", "lena", "Зимницкая", "Елена", "Викторовна", FALSE, 9004),
(9006, "Nastya", "nasty", "Купченок", "Анастачия", "Олеговна", FALSE, 9004),
(9007, "Katya", "katya", "Гончарова", "Катерина", "Николаевна", FALSE, 9004),
(9008, "Vadim", "vadim", "Зимницкий", "Вадим", "Викторович", FALSE, 9004),
(9009, "Tanya4", "tanya", "Трошко", "Вадим", "Владимирович", FALSE, 9004),
(9010, "Lana1", "lena", "Радкевич", "Николай", "Леонидович", FALSE, 9005),
(9011, "Tanya", "tanya", "Попп", "Ольга", "Андреевна", FALSE, 9005),
(9012, "Tanya1", "tanya", "Сидоров", "Егор", "Юрьевич", FALSE, 9006),
(9013, "Tanya2", "tanya", "Синицын", "Алексей", "Алексеевич", FALSE, 9006),
(9014, "Tanya3", "tanya", "Скворцов", "Сергей", "Сергеевич", FALSE, 9007),
(9015, "grek", "123456789", "Титов", "Алексй", "Федорович", FALSE, 9007);

INSERT INTO contact(id, name,user_id,type_id)
VALUES (9001, "email", 9001,9001),
(9002, "email",9002,9001),
(9003, "email",9003,9001),
(9004, "phone", 9004,9002),
(9005, "phone", 9005,9002),
(9006, "phone", 9006,9002),
(9007, "phone", 9007,9002);

INSERT INTO projects_category(id, name, parent_id)
VALUES (9001, "Web", NULL),
(9002, "C++", NULL),
(9003, "Java", NULL),
(9004, "JavaScript", 9002),
(9005, "PHP", NULL);

INSERT INTO tasks_category(id,name,parent_id)
VALUES (9001, "Технические", NULL),
(9002, "Важные", 9001),
(9003, "Средние", 9001),
(9004, "Менее важные", NULL),
(9005, "Легкие", 9004),
(9006, "Тяжелые",NULL);

INSERT INTO project(id,name,description,category_id,manager_id)
VALUES (9001, "Сайт", "Создание сайта для университета",9005,9001),
(9002, "C++", "Приложение на С++",9002,9002),
(9003, "Java", "Приложение на Java",9003,9003),
(9004, "Сайт", "Создание сайта для университета",9004,9004),
(9005, "Сайт", "Создание сайта для университета",9001,9005);

INSERT INTO team(id,project_id,leader_id)
VALUES (9001, 9001,9001),
(9002,9002,9002),
(9003,9003,9003),
(9004,9004,9004),
(9005,9005,9005);

INSERT INTO employee(id,user_id,team_id,role)
VALUES (9001,9001,9001,2),
(9002,9002,9001,1),
(9003,9003,9001,2),
(9004,9004,9001,1),
(9005,9005,9001,2);

INSERT INTO actor(id,name,project_id)
VALUES (9001,"Администратор",9001),
(9002,"Разработчик",9002),
(9003,"Разработчик",9003),
(9004,"Разработчик",9004),
(9005,"Разработчик",9005);

INSERT INTO module(id,name,parent_id,project_id)
VALUES (9001,"Вход",NULL,9001),
(9002,"Главная страница",9001,9001),
(9003,"Выход",NULL,9002),
(9004,"Вход",NULL,9003),
(9005,"Поиск",NULL,9004),
(9006,"Добавление",NULL,9005);

INSERT INTO use_case(id,name,module_id)
VALUES (9001,"Войти в систему",9001),
(9002,"Вид главного окна",9002),
(9003,"Выход из системы",9003),
(9004,"Вход в систему",9004),
(9005,"Поиск в системе",9005),
(9006,"Добавление пользователей",9006);

INSERT INTO requirement(id,name,description,importance,change_probability,use_case_id,module_id)
VALUES (9001,"requirement1","Организовать вход в систему ",0.9,0.1,9001,9001),
(9002,"requirement2","Красивый вид главной страницы",0.9,0.1,9002,9002),
(9003,"requirement3","Организовать выход из системы",0.9,0.1,9003,9003),
(9004,"requirement4","Организовать вход в систему ",0.9,0.1,9004,9004),
(9005,"requirement5","Организовать поиск в системе",0.6,0.4,9005,9005),
(9006,"requirement6","Организовать добавление пользователей",0.7,0.3,9006,9006);

INSERT INTO task(id,name,description,plan_time,difficulty,open_date,accept_date,close_date,category_id,requirement_id,module_id,employee_id,status)
VALUES (9001,"task1","Вход",15,0.9,"12.01.2014","12.01.2014","27.01.2014",9001,9001,NULL,9001,6),
(9002,"task2","Главная страница",20,0.9,"01.04.2014","03.04.2014","17.01.2014",9002,NULL,9002,9002,6),
(9003,"task3","Выход",15,0.9,"06.06.2014","08.06.2014","15.04.2014",9003,9003,9003,NULL,6),
(9004,"task4","Вход",24,0.9,"03.05.2014","10.05.2014","30.05.2014",9004,9004,NULL,9004,6),
(9005,"task5","Поиск",25,0.8,"05.09.2014","04.10.2014","10.10.2014",9005,9005,NULL,9005,6);

INSERT INTO tasks_dependency(id,task_id,dependent_task_id)
VALUES (9001,9001,9002),
(9002,9001,9003),
(9003,9004,9005),
(9004,9004,9005);

INSERT INTO use_cases_relation(id,source_id,destination_id,type)
VALUES (9001,9001,9001,3),
(9002,9001,9003,2),
(9003,9004,9005,3),
(9004,9004,9006,3);

INSERT INTO actor_use_case_relation(id,actor_id,use_case_id)
VALUES (9001,9001,9001),
(9002,9002,9002),
(9003,9003,9003),
(9004,9004,9004),
(9005,9005,9005);


INSERT INTO actors_relation(id,parent_id,child_id)
VALUES (9001,9001,9002);














