INSERT INTO `users_group` (`id`,`name`,`parent_id`) VALUES
  (13000,"group",NULL),
  (13001,"root",NULL),
  (13002,"daemon",NULL),
  (13003,"sys",13000),
  (13004,"adm",13001),
  (13005,"tty",13003),
  (13006,"disk",13001),
  (13007,"lp",13000),
  (13008,"mail",NULL),
  (13009,"news",13003),
  (13010,"uucp",13000),
  (13011,"man",NULL),
  (13012,"proxy",13009),
  (13013,"kmem",NULL),
  (13014,"dialout",NULL),
  (13015,"fax",13003),
  (13016,"voice",13000),
  (13017,"cdrom",13006),
  (13018,"floppy",NULL),
  (13019,"tape",NULL),
  (13020,"sudo",NULL),
  (13021,"audio",NULL),
  (13022,"dip",13000),
  (13023,"www-data",NULL),
  (13024,"backup",NULL),
  (13025,"operator",13012),
  (13026,"list",13005),
  (13027,"irc",NULL),
  (13028,"src",13004),
  (13029,"gnats",13027),
  (13030,"shadow",NULL),
  (13031,"utmp",13026),
  (13032,"video",NULL),
  (13033,"sasl",NULL),
  (13034,"uuidd",13028),
  (13035,"avahi-autoipd",13025),
  (13036,"rtkit",13016),
  (13037,"saned",13022),
  (13038,"whoopsie",NULL),
  (13039,"avahi",NULL),
  (13040,"lightdm",13035),
  (13041,"pulse",13005);

INSERT INTO `user` (`id`,`name`,`password`,`first_name`,`middle_name`,`last_name`,`is_admin`,`group_id`) VALUES
  (13000,"Yozshujin","378FB307fEE348EFb8c21FCee8E6b1A1","Виталий","Юриевич","Земцовский",0,13008),
  (13001,"Sirabandis","5De4bEaFbb5D713683ef8034B90768f1","Александр","Вячеславович","Земляков",0,13005),
  (13002,"Samucage","175740CB6d4289dDC1a69cd6C14164cD","Денис","Измаилович","Янчин",0,13030),
  (13003,"Gravelfont","a32ebEf1deB3aDCb8350C4fDb79522Be","Татьяна","Леонидовна","Ростова",0,13004),
  (13004,"Mneth","8eaBEe94C7b3A8Ebc8771eB3A3fDB48f","Евгения","Степановна","Яковенко",0,13027),
  (13005,"Thordidora","d2F9CA6D0bceEB6c90EcFAaD4bd6cbE4","Доминика","Семеновна","Гребенщикова",0,13039),
  (13006,"Munibandis","b236c8fc3910caA99B4BBA95D9fB6712","Кир","Маркович","Пузаков",0,13034),
  (13007,"Balladonin","A62507Aed9fda236BCA64D9BbfdC9c79","Виктор","Самуилович","Кузьмич",0,13030),
  (13008,"Landalbine","F73a83b2636bD1bD5B5d1aBdCa704858","Лукьян","Никифорович","Целобанов",0,13025),
  (13009,"Chillstaff","5b36e90d9A5c8aD2B0Ee3A1bb57e6dae","Полина","Анатолиевна","Комиссарова",0,13006),
  (13010,"Grinn","F6C7B35dc3b3adC7D35647aE5C7c8B3A","Нина","Романовна","Кондюрина",0,13030),
  (13011,"Gamath","59f38EF8DaE8F50Ef6Ce6beEA60d656b","Соломон","Кондратович","Карюкин",0,13019),
  (13012,"Aracage","7bBE631E5A6ff22A1eDa97BEff7fc2EF","Юлий","Чеславович","Костиков",0,13000),
  (13013,"Morarim","F3acAb363Ed9ba57Dc755AB942B47FDA","Яна","Семеновна","Злобина",0,13024),
  (13014,"Kahn","8e41A1a54e6A4CDe54eeb556e4Df1aF8","Дарья","Тимуровна","Агеева",0,13000),
  (13015,"Diananin","369Aab1bc6fFa77CBA8f25bA9EdF3242","Ирина","Карповна","Мурзакова",0,13027),
  (13016,"Nuadora","d63a6EaADE4e6ACBb1bBD8E8eC2FCC6c","Тамара","Давидовна","Чилаева",0,13026),
  (13017,"Pureworker","16af6DBf430Ba9CaD369Fcefa1Ea2f5E","Ефросиния","Владленовна","Большова",0,13009),
  (13018,"Aurilv","Bb8054becA913a80dB2a80C1962717AA","Дарья","Ростиславовна","Рязанцева",0,13000),
  (13019,"Modirn","3baefdcedBA5bB311d87c3086E4F4DD8","Анастасия","Филипповна","Язина",0,13009),
  (13020,"Keramand","96a5c3d8EBb5EED4dDFEE39d35F678d4","Алиса","Тимофеевна","Ивлева",0,13006),
  (13021,"Kazragore","feDE279fE987a35a1250ed9735BEeD90","Соломон","Михаилович","Кабаидзе",1,13028),
  (13022,"Frostblade","d7BB50F5AAdD7cb72AE671ba3BA38EfD","Лидия","Владленовна","Балабанова",0,13028),
  (13023,"Forcebinder","4444F63b9BFbCFcF3CDaECEAa3513125","Ефросиния","Давидовна","Турова",0,13037),
  (13024,"Mulkis","9E19A4addD4D789cfdEdf9B7Efe95De2","Ольга","Елизаровна","Ефремова",0,13009),
  (13025,"Garne","F5C6e1644071f82ca2AC2E1Cf247f6D8","Мария","Вячеславовна","Давыдова",0,13038),
  (13026,"Hudor","9b45487dFADCbD2fd01970b20DbBF6a8","Николай","Андроникович","Андрющенко",0,13010),
  (13027,"Goldenkiller","0CCA864E5b88f3Cb0CEbf9dc7CFAAB40","Светлана","Романовна","Поличева",0,13022),
  (13028,"Whiteray","Ced5AEffcefeD02aF6f5eE6b976f9eEa","Жанна","Филипповна","Кузьминыха",0,13007),
  (13029,"Umnin","78fF6aaBF62464aeFd8F9dD05eca36Da","Парфен","Никанорович","Кожевников",1,13007),
  (13030,"Ianri","6dfBE9fC7d4fA5AAD793B49E91Af0c1C","Полина","Мироновна","Путинцева",0,13025),
  (13031,"Burirgas","C3501e0FBcc1BACA9cfa21c5D1bDF39d","Ярослав","Тихонович","Букавицкий",0,13037),
  (13032,"Flamewarden","eF5FbEA10FDCdA3dCFA3ACB77CD3d8e8","Екатерина","Ильевна","Скуратова",0,13019),
  (13033,"Meztigami","b8F8D8894FEFDC1b94b4d35F6d3a09Ea","Вадим","Изяславович","Черенчиков",0,13015),
  (13034,"Moranrad","56F0c7cc69a7A3Bd9DbCAcDdAe62BF9E","Парфен","Леонтиевич","Хомичев",0,13020),
  (13035,"Morlunara","cC3aaa1765CaFc0d9EDdF97b058f0De1","Лавр","Сигизмундович","Утёсов",0,13016),
  (13036,"Gavidar","f165D64B6d605e3eAd77EAE24eDe1eE4","Илья","Левович","Кравков",0,13009),
  (13037,"Yosar","1d20a32eA08e3eE8a03b41B400cA14Df","Евсей","Севастьянович","Язьков",0,13017),
  (13038,"Malrajas","b7Ec0a0B2E5DeAFDB291500fd721CE27","Александра","Федотовна","Михальченко",0,13037),
  (13039,"Perus","63B1f791D538fafd9b68Bc19DfD976bB","Юлия","Геннадиевна","Арданкина",0,13007),
  (13040,"Grifyn","F47AAc85b8a08D2Fd101E63cF84B5E6A","Арина","Николаевна","Караулина",1,13033),
  (13041,"Thetaghma","CEEc4c9Cef2dd30B4AE01147A9E1E265","Лукьян","Ефремович","Киреев",0,13003),
  (13042,"Zanara","aBd817ec38EAe88e4f0E395cfEEA8d1f","Ирина","Фомевна","Блинова",0,13014),
  (13043,"Coswyn","63dAFdBeeb7ce58Bac0c9C6aEB6A9F0f","Лидия","Брониславовна","Цулукидзе",0,13037),
  (13044,"Balv","a1b3B2b407C8F3E9Bcb4c2c6FB25d2dD","Роман","Арсениевич","Хлебов",0,13019),
  (13045,"Agamand","6db57391BebE9aebECAAbfb9cA87FB33","Александр","Севастьянович","Мягков",0,13014),
  (13046,"Kejora","EeEBF3D1CaD4aBA6d4B4aefdcE52E5f7","Александр","Савелиевич","Другаль",0,13033),
  (13047,"Dianatus","0aC4E387fd45baF2C9FcDA0cc6264bC5","Руслан","Модестович","Александрович",1,13038),
  (13048,"Vudogor","F20Fd9912CdBBE2c33dee8f5781dEDe8","Алина","Яновна","Авилова",0,13036),
  (13049,"Shage","c8FA0a4b3EF28Cdff7F51bE724b46EF2","Диана","Казимировна","Бердяева",1,13035),
  (13050,"Cergas","47d741dB8fb8a4c6C61fE4DA43179ADD","Антип","Прохорович","Щитт",0,13013),
  (13051,"Buzara","C7dbeAB58BFFcB7c1cFa427e50b66DDC","Наталия","Потаповна","Абросимова",0,13001),
  (13052,"Rexshade","1bfDa6B28cE0Ad26FDd8BCcCD4f7f5ca","Ангелина","Святославовна","Гребенникова",0,13035),
  (13053,"Mikakus","B1D41De4bEFaDCcfAC8cB4A4DAb6cd59","Александра","Данилевна","Мизенова",0,13006),
  (13054,"Vilkree","F263EFefFDBA0A5acD6338e3fAE8f7E2","Владислав","Ипатович","Кузьмин",0,13003),
  (13055,"Nelar","ca35bbe20b3A4145cCf6Cafa4AFBAe79","Надежда","Владиленовна","Иноземцева",0,13008),
  (13056,"Arcanebringer","AECC197cD5Ad4FAcAadBef4EF376c0bE","Владислав","Карлович","Угольников",0,13022),
  (13057,"Snowmaster","B9AbcE91ccB90EEbfE9D77c0b94758e2","Юлия","Вячеславовна","Басманова",0,13031),
  (13058,"Shakamuro","0d3E3ACba3d9B5E9EEaF39A0eBebBadf","Емельян","Мартьянович","Котик",0,13030),
  (13059,"Spellsinger","F55365367654EbE09DecBca185ff5eA8","Онуфрий","Мирославович","Курчатов",0,13020),
  (13060,"Yggtus","40FAE0E5Eb4aa0aBf497C8DE292Fdcc5","Евгения","Всеволодовна","Шаронова",0,13008),
  (13061,"Runebringer","6fa5932ff972Ba8E2b8da5B90847ACAB","Ярослав","Кириллович","Краев",0,13031),
  (13062,"Ishnrgas","4fb252bbe32a06fAd0Aabcd8268be8FF","Илья","Адамович","Львов",0,13035),
  (13063,"Fonn","EbFd2eA07ed4A4AfdF71ecDfca8fcD75","Вероника","Федоровна","Железкина",0,13014),
  (13064,"Zalis","dfabe6F6524EA6Ab029A6dCfFa03fAb0","Герман","Елизарович","Михалицын",0,13004),
  (13065,"Kazrajinn","9E1a665B27D00c6b52fbdEd6Ac621aAe","Алина","Фомевна","Яшнова",0,13017),
  (13066,"Conjulsa","e5bfAFBC7d4aa4C1A9a9e898005efBC4","Модест","Якубович","Щеголев",0,13015),
  (13067,"Adodor","Ac8102D9e777CF06cd3a1D7f64d3bd8F","Инесса","Евгениевна","Летова",0,13007),
  (13068,"Muninis","7c9c43c1ea7a60Fc3D0FcE40e7bcCcD4","Кирилл","Григориевич","Пчельников",0,13037),
  (13069,"Gushura","2eCDACE9b5Cc58C94BB5DEC269760d4F","Елена","Ростиславовна","Есаулова",0,13014),
  (13070,"Thunderbourne","8Adb12faEb19b509B7aCbB990381376A","Василиса","Евгениевна","Лобова",1,13030),
  (13071,"Tygralas","9EdDa9cBdf5B1bABF51a5DfcAD4782EF","Роман","Игнатиевич","Щекочихин",1,13000),
  (13072,"Ghosida","eC0c7BbC662fb9A5cbCFaA7Aeab050CA","Елена","Несторовна","Мишина",0,13004),
  (13073,"Kelerad","5d3C28AAB3FBFeF4d1f0f27444Ad3B5A","Людмила","Петровна","Яблонова",0,13004),
  (13074,"Zologis","A1cb390D8faaC30351FfBc9EcAAf7be9","Алексей","Денисович","Митяшов",0,13013),
  (13075,"Andronrad","D8aBEd25EEeD3C3C517dAA3Cc9Cc9d5a","Татьяна","Романовна","Яблочкова",0,13002),
  (13076,"Jogra","adAfa0A76fC1AbaD89A3Ab048166434a","Надежда","Антониновна","Денисова",0,13026),
  (13077,"Nilara","9BF59F2EfAAB037bed0E15deCdA67e10","Давид","Елисеевич","Кузьмич",0,13016),
  (13078,"Rainbearer","8f38BAeb16E20Af8B851d329Cd46166F","Ксения","Ипполитовна","Юркова",0,13009),
  (13079,"Kenara","6467Cd0cfBAD6cb6B9B21bAAf38794cD","Ангелина","Тимофеевна","Игошина",0,13006),
  (13080,"Ragemaster","0872840Ef3FaC8DF7178ec6A5e1aac6A","Бронислава","Станиславовна","Коровина",0,13004),
  (13081,"Dalandis","cFa01384d662fE7534CA6c3De6Ac9c7E","Клара","Данилевна","Ионова",0,13032),
  (13082,"Nightblade","EFa47D6aabE8Fb510Fa5E5F7EaBbE37D","Руслан","Андреевич","Семенов",0,13009),
  (13083,"Opimeena","23612CF3CFab9E7D0D2b9AD3fA7b2aED","Альбина","Иосифовна","Цой",0,13034),
  (13084,"Dafym","F6e66fFcddDF471cC811F51D32CFDAbF","Варвара","Афанасиевна","Кидина",0,13013),
  (13085,"Sharpbearer","8DFCD7D25E94966c20cF8AEf1bA410DB","Юлия","Тихоновна","Немова",0,13039),
  (13086,"Oghmalace","50E945dCD10979ECD9DE78Cece86FeDA","Ираида","Елизаровна","Лившица",0,13004),
  (13087,"Beazel","EdCFA7fdAAFeA2cb73ebCEbd8a2e2765","Юрий","Саввевич","Дуванов",0,13040),
  (13088,"Voodoomuro","AA3Ae9fdb2EBaccfC0Cc24dCbdBAa87D","Марина","Родионовна","Мозговой",0,13026),
  (13089,"Gashakar","cc7D07c65CCD3A4f1E40c4fB300BF03A","Елизавета","Анатолиевна","Кунаева",1,13021),
  (13090,"Centrinaya","EA2A6f33A69BFAdA84eB23af5eB3bd6e","Владислав","Макарович","Якунов",0,13015),
  (13091,"Fegda","53ac1Cb5cdb6cDC685D5aB3CBb79F51c","Ксения","Елисеевна","Ратаева",0,13005),
  (13092,"Sadal","fbbdcAdedB41dB7fce1f8e8AcdfA18Dc","Константин","Изяславович","Толстобров",0,13007),
  (13093,"Chillconjuror","cD99CF49bbC05db88b8fa1964F8AFaf7","Константин","Леонтиевич","Платущихин",0,13009),
  (13094,"Kelewield","a3878a1cFdBFb4dB8c048C8d5bbbF6B0","Степан","Юриевич","Балабанов",1,13019),
  (13095,"Goltikree","076bEeb71cF3496F632ACB6fD2f1B758","Эмма","Иосифовна","Соломахина",0,13005),
  (13096,"Sinkiller","9121DD6E7fFa8E891B8E2879084CdDEd","Алиса","Фомевна","Ярный",0,13027),
  (13097,"Whitestaff","4613baBCE0311152aE2BcC82C67Bde9b","Екатерина","Антониновна","Яркина",0,13026),
  (13098,"Moogusida","7574661E096Fa7C3DCFAb228DaAe05F7","Виктория","Леонидовна","Устимовича",0,13024),
  (13099,"Gantrius","ba00aBcDaDDDef2e2b2fdB117Bd3a7e3","Степан","Евграфович","Аспидов",0,13038),
  (13100,"Magamand","D05F7cC5DDC5198be19e1e7D4b13BefD","Василиса","Родионовна","Лопатина",1,13036),
  (13101,"Gohn","F3810a6FbF89DDfa01cdD8306a2DFED7","Наталья","Тимуровна","Дмитриева",0,13034),
  (13102,"Cerendis","9c2bFeCC46Da42DA2e5cb3Fe916d8c70","Дмитрий","Изяславович","Никонов",0,13006),
  (13103,"Graniriel","2FE7ee0A4CB1bc6CcBB951BC67B5fAfD","Фока","Дмитриевич","Каратеев",0,13013),
  (13104,"Munigelv","799A8ccB8ad8A4A2B6AD007e7eDe0ae4","Евгения","Станиславовна","Корявова",0,13027),
  (13105,"Zazar","b5C38D6DB65625F0E5E747ab32ad3f31","Надежда","Ипполитовна","Графова",0,13029),
  (13106,"Irondweller","DBAB2CA01598f3767834d137528b667d","Анастасия","Фомевна","Дудинова",0,13032),
  (13107,"Ana","ba94Bdd9c2bacEEe3A1296FfbD1e8A6c","Виталий","Эмилевич","Квятковский",0,13040),
  (13108,"Modinn","bFb9F2D2D4f5A533C89Ac7c5Aa5f4BbB","Илья","Герасимович","Гришаев",0,13000),
  (13109,"Blueweaver","Cb73eCe2a2BF52A952AACa25B11c5d0f","Василиса","Яновна","Бабина",0,13010),
  (13110,"Mooguzahn","2fF4038EF3C73d640EefbeDCEbDC3831","Александра","Виталиевна","Грибова",0,13025),
  (13111,"Nikus","Cec5b6BaA29CdaCE3A5Fe7f77bCEeBc8","Лилия","Елисеевна","Протасова",0,13004),
  (13112,"Magebeard","4AE3E4aF2f56a1bB6fae3Bbc29D32092","Игорь","Проклович","Шеповалов",0,13018),
  (13113,"Akinokus","707deF8Eda4De90A4Dce1Ea58f390bfB","Наталья","Ивановна","Ягода",0,13026),
  (13114,"Shadowcrusher","1D6dA5E2FBcc0dA9B71E5A488Dc2D804","Диана","Филипповна","Вельдина",0,13013),
  (13115,"Shafyn","69ADe9CA0A8EC2EAeD7Beae6bcA8D71B","Богдан","Куприянович","Аспидов",0,13016),
  (13116,"Arindis","850339a35ADCDeaAdb882e7B91a38cC0","Изабелла","Елизаровна","Климцова",0,13030),
  (13117,"Lightweaver","A36F5abd730A75f6edd6aA7e3e4dF7b3","Константин","Федотович","Ермолаев",0,13010),
  (13118,"Kazrajar","8699AeFFD4F11812484D1D90CdA67AD7","Диана","Тимуровна","Осипова",0,13007),
  (13119,"Moranis","2cf4FE9fe4ddAfcb46E3Ec2c1CC00Eb1","Евгений","Климентович","Сочинский",0,13024),
  (13120,"Anazar","01B2EDbeACCa7BC09F2C9CA76ac3ca4C","Чеслав","Онуфриевич","Игумнов",0,13024),
  (13121,"Vik","f9FafaefF8454ce92F2ee7DcD7F3fF3C","Артем","Панкратиевич","Агальцов",0,13030),
  (13122,"Stonebringer","D5A9d4B3a129eaC091343a6F4bFd3480","Нона","Анатолиевна","Коллерова",0,13005),
  (13123,"Oghmalar","45a9c80ffA5e6CE7dfdaB6B852Fdc4c4","Розалия","Емельяновна","Торопова",0,13016),
  (13124,"Magebringer","dff41cD9eFEBe5c1dd7B1Be1188dc5Ae","Алиса","Серафимовна","Меркушева",0,13008),
  (13125,"Sarisar","4334Bf29BB9ACC3A4cBbFfA1a469eE05","Дмитрий","Прокофиевич","Геремеш",0,13012),
  (13126,"Rexshaper","687196Bd49D48dfbD84B0cd81b972C2F","Екатерина","Тимуровна","Бодрова",0,13017),
  (13127,"Manamand","21aE0dBFF3EEb7a1601Df9DA3FAd2f6F","Ольга","Марковна","Мананникова",0,13035),
  (13128,"Adriegrinn","57d40fdC03CCB673FF4AeFFca70aCDA2","Николай","Федосиевич","Дейнекин",0,13003),
  (13129,"Batius","31F34dFF5881Ee9fD5A745D4eDaf4d7A","Полина","Борисовна","Лагошина",0,13022),
  (13130,"Laiwield","bC39c71cfa99dc6194B0FEBFAAFCdc66","Роман","Саввевич","Гремпель",0,13036),
  (13131,"Sharpcliff","D7F25eEfaA1F4ADCf4E9C9b8cbfcb72E","Агафья","Несторовна","Бушмелева",0,13005),
  (13132,"Hellterror","dBf2cd6cFecF9FAcdeaEe1f8ACade900","Алина","Глебовна","Крутой",0,13023),
  (13133,"Grazan","b541A6fcAC72b33cdF020DBFaD65E1c4","Владимир","Кондратович","Купцов",0,13005),
  (13134,"Centri","42927a328cB106BE6dF4bafCB9DC0493","Ефросиния","Елисеевна","Чаадаева",0,13003),
  (13135,"Conjugamand","6EA5ddA61c6a560ACb825A8694B26cd9","Екатерина","Константиновна","Юганцева",0,13032),
  (13136,"Anaragelv","1F685Ccda7E6aAb14BbE74c116ef0Ec2","Евгения","Ивановна","Жирова",0,13036),
  (13137,"Modora","AFeACdFb3De4C84cA63eB0d89bc46B1F","Александр","Моисеевич","Севостьянов",0,13040),
  (13138,"Borus","C43e7ff2cA9EDf7B597EECd6FC16E3Bc","Фадей","Владиславович","Курбатов",0,13017),
  (13139,"Granirana","e5579b9A4dcFe2D5DABAf920e3D4e84e","Мария","Ипполитовна","Уварова",0,13027),
  (13140,"Hugilanim","bbCbc5EbBcB2BEe5F1d71cA153541cf5","Диана","Алексеевна","Мурзакова",0,13013),
  (13141,"Bagis","D0Fd2bFFB7CdEBeceAb9677cDcdf4BAc","Глеб","Федосиевич","Митрофанов",0,13039),
  (13142,"Douhn","40fc150ccA1Dc6651F0fA4Ddc7F0E2F9","Зинаида","Георгиевна","Коракова",0,13002),
  (13143,"Conjulas","D5ec3c4B9d317bA7D2De2fcE4a21f0e6","Богдан","Леонович","Надервель",1,13014),
  (13144,"Malalbine","C1dbD9bF4583EeEc15efa7abD51ef8a1","Емельян","Сидорович","Каравашкин",0,13007),
  (13145,"Doomkiller","9cf5A67aBFDB54Bb77fEcaD11B11edf3","Зиновий","Наумович","Аглиуллин",0,13014),
  (13146,"Yohn","3cCD3d2dE80AA1cC8EaBc25fAdEc8f3b","Валентина","Виталиевна","Пономарёва",1,13037),
  (13147,"Doomskin","4c9eFbaA74FCbbEdF8aC5bcd3CAC344a","Яна","Давидовна","Захарьина",0,13024),
  (13148,"Frostfang","E2c7bfC3b1C7eC21af920F1d69d99fd3","Кирилл","Артемиевич","Грицевец",0,13014),
  (13149,"Joriel","3e03FFBbe440ff6f46faedec9D1C5be1","Казимир","Герасимович","Судленков",0,13002),
  (13150,"Mautaur","d99caA3fEC70f4AFCA3F8CFE7fdB044D","Прокл","Якубович","Комяхов",0,13034),
  (13151,"Burus","f31BeC186cB2C7eaCaFCD18C09D6989c","Станислав","Елисеевич","Шуленков",0,13016),
  (13152,"Akinorisar","6dbE2DE1CB7C2ca2cF62dA7419E3D5DC","Всеслава","Тимуровна","Разуваева",0,13022),
  (13153,"Daill","0DCe94f239AF3DeCC6cfC396BffadcfF","Агафон","Данилевич","Кабисов",0,13011),
  (13154,"Androllador","35C211A978FA9Bee25F8877e3Dc4ddAB","Константин","Ильевич","Абалихин",0,13003),
  (13155,"Mehn","1bbc02d2bE9b006dD67f24731B1C77eB","Александр","Юриевич","Есаулов",0,13002),
  (13156,"Magebrand","abbaa5a69d94bAd40AEece64E1Ff9C4D","Всеслава","Давидовна","Шипицина",0,13038),
  (13157,"Akinogis","febfB4A3CebA0577FCCAe1dcCeD8eab9","Руслан","Капитонович","Карпенцев",0,13012),
  (13158,"Runepick","EbfE95C7089C0F12440aBdEEF4d1CFf8","Кирилл","Юриевич","Кирилловский",1,13030),
  (13159,"Hukelv","DF92f0DC8A6d3F6CD33Ba1c0cd8715ff","Елизавета","Елизаровна","Корнева",0,13026),
  (13160,"Shadowweaver","C07bc4BEEcab7fE0f7De7BfD55Ebf7A2","Иван","Родионович","Ерохин",0,13028),
  (13161,"Nikazahn","B4e2bf47d4A82AeDECDDC60fdBe8e3Bd","Феликс","Родионович","Пережогин",1,13005),
  (13162,"Meztizahn","7E1A42c7Ae9DfAa6E8bA8463B1321cec","Платон","Эдуардович","Дьяков",0,13040),
  (13163,"Flameconjuror","cE82bB90f4BA5CbD406BCc8ee6c68bbd","Надежда","Никитевна","Салтыкова",0,13017),
  (13164,"Gavinrakus","97fE9aF1BAdBb331CFbB894517dAF32f","Алиса","Петровна","Бакрылова",0,13019),
  (13165,"Tusho","483BceC48fd09b2cca3f3e4eEE87abe4","Христина","Марковна","Корнилова",0,13031),
  (13166,"Shakak","ED7aa7C8b58F2B766B3EdAAcdEe1E1AA","Кристина","Ираклиевна","Абрамовича",0,13027),
  (13167,"Munihuginn","5accbd9CA69E0D97BcA75Bb5ea1f5ff1","Евгения","Емельяновна","Ишеева",0,13004),
  (13168,"Niri","1fb30c4DBeebd0E4d15C06315A02C73C","Артур","Родионович","Логвинов",0,13035),
  (13169,"Saithilv","7A6DF342f4E1A79FD82A3D8A513cbCfB","Алина","Олеговна","Головаха",0,13007),
  (13170,"Ragedragon","0F7bf812d0F6AdA51e6F92fedAA90BfC","Алина","Игоревна","Травникова",0,13009),
  (13171,"Laisius","247CBBB736B4DDA8dE67DBeD39EFEd82","Егор","Иннокентиевич","Ушаков",0,13013),
  (13172,"Arashitilar","d0EcCA1BDC2EBca2Cc01e775f44A68DB","Дмитрий","Иванович","Муленко",0,13009),
  (13173,"Turn","C6bB7AE8d4b5E9cE0eEfA9041DeC1Cc2","Ольга","Потаповна","Шумилова",0,13001),
  (13174,"Kazrakus","cf8Ce3dAcbCdC3ECDD38BdD49E6CeDbE","Инна","Виталиевна","Шибалкина",0,13040),
  (13175,"Chillsinger","cC6f3F2eDC93B4f61fF245BB3087CeC2","Оксана","Анатолиевна","Ширяева",0,13030),
  (13176,"Nerr","fA56e6490fB1E504af9EFDd6D09a40E2","Харитон","Климентович","Реутов",0,13028),
  (13177,"Voodookazahn","9654C073c34cfb4D851bB1ECBadD16a5","Иосиф","Потапович","Зуйков",0,13014),
  (13178,"Landalore","26F98BbB749Ec2d9a23E2B8D86Fadc05","Алиса","Марковна","Караулина",0,13011),
  (13179,"Perigda","8fD5Fe3E14cFcCDE0eF4544C56a66c71","Степан","Самсонович","Карякин",0,13009),
  (13180,"Molas","ff5e10d7Fb1Bdaa7a1C98b31d1AaBd56","Никита","Семенович","Райков",0,13038),
  (13181,"Kelenn","F8D1796EFad4E14afd64fABe7DB27540","Николай","Севастьянович","Приказчиков",0,13004),
  (13182,"Umdwyn","55F91DFFF5BDeEACB635b4d5c04aCdb1","Анна","Ефимовна","Большакова",0,13020),
  (13183,"Agarus","D5c8DA7514c0CfBF5810DD5D12e9DEBA","Рада","Александровна","Капица",0,13011),
  (13184,"Adrielanim","c6591FE7AD037648E5d26672ed18FDF0","Михей","Куприянович","Суснин",0,13035),
  (13185,"Gritius","d94Cba59CbCA4e7B9D7f2593Aeb993d0","Лука","Ипатиевич","Меледин",0,13000),
  (13186,"Hu","83ea8Eace629E178f58A1ED7c4614E2F","Самсон","Елисеевич","Ясько",1,13002),
  (13187,"Kataur","88aFfEF7D8f7dFDAfDf614513b8aF9dE","Лиана","Захаровна","Курышина",0,13023),
  (13188,"Umdor","fd98AC5A77d4c4fc536fb7c83EC093cc","Филимон","Агапович","Шентеряков",0,13015),
  (13189,"Gogor","E4fB830E3f0CD7E291B250bf69F0Dbd8","Светлана","Владиленовна","Коршунова",1,13027),
  (13190,"Tygralhala","2BB62Aa8CbAec0Ff5328d3B2Ce7aD250","Александр","Сократович","Сахаровский",0,13020),
  (13191,"Darkwing","AF76B1e778Efa9d6eB8e109dFd73cAAf","Владислав","Валериевич","Васнев",0,13000),
  (13192,"Adoraswyn","dc5dBe48B8b7eA636C9b62d7D0Cff9E9","Сергей","Иннокентиевич","Хохорин",0,13002),
  (13193,"Dianawield","8bd9aC01cf36D7a4233Aac5D4DdE3eb0","Нона","Марковна","Архаткина",0,13009),
  (13194,"Faeramar","dCEbc0FfD3aB45ddD784fCbaAb6fFaAe","Алексей","Андроникович","Ромазан",0,13031),
  (13195,"Brall","9A6fd57C5DC43C33a0c0FADee4FDb1eF","Виктор","Евгениевич","Сиянцев",1,13001),
  (13196,"Kegore","4cb0BfB9Fe31F6C287e7cdBabedA0aaa","Лев","Геннадиевич","Мусорин",0,13016),
  (13197,"Sharpsmith","ABAaC6CEC2eFcBA5ea0Dfafc7a462dDB","Руслан","Сигизмундович","Аллилуев",0,13002),
  (13198,"Adontrius","B67C0e5fe867B65eecdeFE1f36613a2f","Онуфрий","Эдуардович","Ломовцев",0,13038),
  (13199,"Kagagis","fadC331234eCF88434545D0ebFd8dABE","Сократ","Изяславович","Кусков",0,13034),
  (13200,"Ishnlis","eeAdebc07184F47EfaCB5CdCc8eEf4ed","Николай","Прохорович","Эйлер",0,13000),
  (13201,"Vudogis","9CAA8b886dDfbACADA7BaEE5D7d0C6D7","Надежда","Глебовна","Порошина",0,13009),
  (13202,"Balladomeena","1bCBc93F0A4c6CcD51396ca28A6C28d5","Диана","Станиславовна","Лунина",0,13035),
  (13203,"Momuro","b744EAF8dAE2936FfE9B7c7E703BE733","Елена","Андрияновна","Полунина",0,13040),
  (13204,"Musius","Ea328c69c6A68362cCcC0fb65887ae7A","Виссарион","Семенович","Канаев",0,13013),
  (13205,"Gavitius","e0CCd1935Ccf4eA1efAdE44C7EC295e8","Никита","Ульянович","Стожко",0,13004),
  (13206,"Brightfang","A015af2Ea05cE6082CdA9E9cbea5D68E","Светлана","Николаевна","Гуськова",0,13024),
  (13207,"Arashilkree","e2acCb51cE9D7db5d33a6be861Fca572","Мирослава","Потаповна","Михалёва",0,13032),
  (13208,"Delann","C2aB5D381F42DCA8fb57b3AbF83EaC07","Денис","Кондратович","Жарков",0,13030),
  (13209,"Ballafyn","5dB5f4ecf1cAdcdE7B5A592D0bfb8a4F","Аза","Геннадиевна","Ядренникова",0,13035),
  (13210,"Conjunara","C2E1BcD15136f644eE4C0B7E25FDc8d7","Нина","Игоревна","Игнатенко",0,13017),
  (13211,"Daizil","c8CD39e9dE3ad0f3e5BFBC4dDc12aC5b","Ирина","Германовна","Яглинцева",0,13026),
  (13212,"Thorgawield","AEeC298eDac0FEF953ccC4572fcc711f","Михаил","Андриянович","Баринов",0,13028),
  (13213,"Kakelv","456ABfFe5384BFa189C4ece2d84f4f1b","Андрей","Андроникович","Энтский",0,13026),
  (13214,"Mollador","Cfe61c92cdbD0db5ec56efbEf9dc6aA2","Евгений","Даниилович","Эвентов",0,13027),
  (13215,"Moogugore","32fCA6f99B69EFcFAf173C606fAf12BD","Харитон","Панкратиевич","Банин",0,13019),
  (13216,"Dat","4ccEe1870F02f2c5AeBEdeD3fF4fea97","Инга","Виталиевна","Талалихина",0,13003),
  (13217,"Felhagar","21F42504d1A541b7FD879Ef57436eace","Янина","Виталиевна","Абрамовича",0,13038),
  (13218,"Starworker","8Fa92fcFa3a7bFE08051d3BBC48901EF","Арина","Елизаровна","Сутулина",0,13015),
  (13219,"Brazragore","240d20cf19AC5cD37BBB3bDa98C7CF3D","Глеб","Елисеевич","Лощилов",0,13040),
  (13220,"Kargas","53e95f33B02f0eD7794937BaF5C3864F","Иннокентий","Афанасиевич","Капылюшный",1,13032),
  (13221,"Sazan","F4db0ead1E2E1cFBdeFfbe48cbf2CDE0","Марфа","Ростиславовна","Назарова",1,13027),
  (13222,"Mirantrius","48A233edA697dC2134B030D4c5bbA43B","Юрий","Афанасиевич","Бажанов",0,13026),
  (13223,"Flamebrew","fE8Ff6E0Ea83FfC704b6eDD907fb5D69","Анна","Родионовна","Волкова",0,13009),
  (13224,"Shaktik","dDdfDAD8E4bE1D28f8F1ca1Ea28BE0FB","Злата","Игнатиевна","Базанова",1,13037),
  (13225,"Thogda","0B29B5827ca72BCd6BaE25bdeF8eF2bC","Яков","Григориевич","Молочинский",0,13025),
  (13226,"Kezshura","A0EE20cD21AA6Dea7F5FbC2CE4accDDF","Лука","Евстафиевич","Ярыкин",0,13027),
  (13227,"Meztinris","D53E9fF6c7A9841ab565fdeddF4AfF6F","Ксения","Серафимовна","Власова",0,13001),
  (13228,"Mirarim","416e50Fe62dAb111a9db7C738225899c","Нина","Тихоновна","Нюхалова",0,13005),
  (13229,"Mazukasa","d53C888A4f99f463Facd68F94841a4F3","Назар","Агапович","Мерзляков",0,13039),
  (13230,"Kathrilhala","9AbA5aED04fF680F06Ebc788E5D8cd9B","Вадим","Моисеевич","Шепкин",0,13014),
  (13231,"Bloodhunter","B28da0C3CDed84CeAb5Ca50A39E212a8","Анатолий","Эдуардович","Криворотов",0,13021),
  (13232,"Starcliff","cAaBbf906F09cCFfcDD6b4d3Ade03dD9","Наталья","Семеновна","Окладникова",0,13022),
  (13233,"Sira","6f1e3b7B4B17E3a2CcEd5633e9DbFcED","Артём","Евстафиевич","Лероев",0,13019),
  (13234,"Felorgas","f2FEBABCc9Da6bDfF0D1e2E395Dd0B75","Варвара","Карповна","Шабанова",0,13003),
  (13235,"Dushicage","Cae9C35e5D2dffaFf461DB0FCAbAaB5A","Михаил","Прохорович","Рыжов",0,13020),
  (13236,"Cerenn","eABB7Fca2Ccf987edE193F26aBc8D7cB","Артур","Федосиевич","Васильевых",1,13020),
  (13237,"Anatius","c07DF6dEF62EdEF49fCE5d6Bdb7839F9","Виктор","Саввевич","Ермилов",0,13023),
  (13238,"Felhaath","1Ebe3EcdAF50d727AE5fF3ec9aF2f02E","Аскольд","Самуилович","Черников",0,13006),
  (13239,"Zugore","B8D620095Bca6bc8D375cC686a9bbcCB","Нина","Игнатиевна","Никитина",0,13006),
  (13240,"Whitebrand","EE1Bd5eAbEcec8D1E61FFFBbCFFbb6Af","Василиса","Вячеславовна","Черникова",0,13034),
  (13241,"Hulis","BD6558351A6E6f61cc9db9ffd2A5A3f6","Виктория","Леонидовна","Борисюка",0,13020),
  (13242,"Doriswyn","7cE73432f78130EBde39d0A6CD15A7E6","Кристина","Ефимовна","Яблочкова",0,13037),
  (13243,"Direflame","5A35dEF645baD60a36FE2Aaa7Ec3aDb0","Денис","Фомевич","Захарьин",0,13039),
  (13244,"Felhalune","D0Ed0CdcDD95fF7F2ad3fA0acb63EbC0","Евгения","Станиславовна","Домаша",0,13013),
  (13245,"Andromann","8D5Ec8aC6D1fCD54B9CD90FD1DEEDd5F","Надежда","Яновна","Цейдлица",0,13017),
  (13246,"Kazile","AeeDb09fFDb1CDB8aD0C41788167D7D2","Екатерина","Андрияновна","Дмитриева",0,13040),
  (13247,"Dozahn","bDDF9FEc27ee3Dd5679BacA6F0F5F5fB","Арина","Несторовна","Кругликова",0,13040),
  (13248,"Fetus","0DCe3F2aad2fF176f1AFfBbd8A1a21cC","Эрнст","Иванович","Абушаев",0,13038),
  (13249,"Shazan","4bEBeDfce3A2EEFB7BdcCCed7Ff3ABDd","Модест","Валерьянович","Ибрагимов",0,13039),
  (13250,"Bluestalker","D0cFE033fa8EacEdAec5Ac5D09CA9cdC","Владислав","Федосиевич","Цирюльников",0,13001),
  (13251,"Za","d365D87a70A0669e7cBef186b75B1F04","Дарья","Евгениевна","Кондракова",0,13019),
  (13252,"Rockshaper","BbA22f355aebBF240dbE3A81f236cDa4","Игорь","Еремеевич","Сайбаталов",0,13006),
  (13253,"Broadfury","3F5e0012969E3b1ABCf02550d9E11c76","Ярослава","Ефимовна","Остапюка",0,13004),
  (13254,"Gralbine","D4cb456c6D25Df93B2b51e6D2Ef7377d","Яков","Назарович","Грибков",0,13009),
  (13255,"Kelenis","dA1Eb4f9F0eEdbC9212E1Fe967cb6c21","Гаврила","Венедиктович","Кривоухов",0,13025),
  (13256,"Kejind","bef12fa8Be6b6Fd5EE8efBFc9Ff9d573","Нона","Андрияновна","Дукачёва",0,13016),
  (13257,"Fenrijora","Cb64E89c34ED038fFdDBEEdC485f0e95","Кирилл","Саввевич","Нусинов",0,13032),
  (13258,"Nazahn","3d5CD31F8F1ccAc09516A327AaDfa44a","Полина","Георгиевна","Герасимова",0,13005),
  (13259,"Voodootaxe","4e4EF5cb4b5c7eACEe735EfFe3ECCE3a","Александра","Андрияновна","Данилова",0,13027),
  (13260,"Dagdardin","bFC6e2648c1bD36F39e8b5928FB5e077","Светлана","Леонидовна","Федулова",1,13039),
  (13261,"Vular","CFe9D0b538797EA7cba37A0acfBcfa2A","Глеб","Никифорович","Хованский",0,13037),
  (13262,"Mightseeker","9E71dd340bF6FC8A73340Ff1D6CeB58A","Александр","Епифанович","Агафонов",0,13031),
  (13263,"Malarr","5eBBfFeE139F15EF7E4F7C14e9B2f0DA","Оксана","Афанасиевна","Ноздрёва",0,13003),
  (13264,"Brazshura","E0baA3C538e4db5C245130cF60F5027a","Анатолий","Климентович","Баушев",0,13037),
  (13265,"Buwield","b8488C6C7cBC8B429a67713EB6548A7D","Пимен","Ипполитович","Молчанов",0,13015),
  (13266,"Griginn","5D9dEde5eC2c1bDee9B69D066BBb60Bc","Юлиан","Иванович","Цицианов",1,13025),
  (13267,"Bloodsmasher","5054Ed91E5bCd63c67da37bbd1d8A2B1","Маргарита","Иларионовна","Спирьянова",0,13027),
  (13268,"Gular","7e0e2Af8ca29dacF7cAc0A7FEb68707c","Илья","Назарович","Самойлов",0,13015),
  (13269,"Ianlsa","2A1A1fBda89eE3d8D520f98Fc0Aa8AED","Алла","Георгиевна","Шипеева",1,13025),
  (13270,"Mezikasa","edD1FBfD06E4F4a1B4AdDbcBAdAEB16C","Валентина","Ильевна","Суханова",0,13028),
  (13271,"Balladogrinn","ef4b27DE2Ea827BCb09afe12735CeAa5","Алина","Ильевна","Агеева",0,13016),
  (13272,"Rainfire","ef75842DACCeB32E599DCfb8Bf8a05af","Яков","Георгиевич","Твардовский",0,13026),
  (13273,"Molsa","ADb82043ee48E1D284D5b6ffcab19aea","Евгения","Михеевна","Сагадиева",0,13033),
  (13274,"Gacage","6d2E0EEd6Aad5B7CfFE1fFcA62225fCF","Степан","Геннадиевич","Яганов",0,13012),
  (13275,"Pedi","31C8bb9b0A0a0c9455C11E9bD5c4Ff2e","Анна","Семеновна","Иванова",0,13018),
  (13276,"Taule","29cD5DefE96f1d681a0cCA0bE4afCcF7","Артём","Егорович","Рубашкин",0,13039),
  (13277,"Gorn","1B22b83641A6f88dfdde38d53c2DD6bE","Диана","Иосифовна","Торсунова",0,13008),
  (13278,"Ballaginn","9fcD55B0879BbC4eb398d2b63Aec58bc","Павел","Феликсович","Потапов",0,13035),
  (13279,"Jorgas","86B0AAFFB3c8f11F3B74eEAafC3F7af5","Ольга","Емельяновна","Элефтерова",1,13033),
  (13280,"Faumuro","aA5cdc5Ee8EDb360fe9De6F1C0D608fa","Ярослав","Венедиктович","Бысов",0,13015),
  (13281,"Mara","03d5fcef889BA9535D0DbaB52Eb1860d","Артемий","Мечиславович","Гершельман",0,13035),
  (13282,"Barr","4ed2Ef03CD29D8CDa2fCEE23B41aA45c","Анна","Леонидовна","Монакова",0,13036),
  (13283,"Thetakus","EFC396D3bba4cCbAaF0F81cC40F8c738","Емельян","Елисеевич","Калошин",1,13018),
  (13284,"Malajora","c882dcd3307A3A56EA2be3BeEddB768C","Руслан","Владимирович","Рытов",0,13028),
  (13285,"Lightmaster","4018abeC3DFd2392422a1Bba727CfCea","Екатерина","Игнатиевна","Ростова",0,13030),
  (13286,"Kularana","1ac1a78b6C601d30DC44FAd683c2d71B","Фока","Андронович","Жиганов",1,13037),
  (13287,"Silverrunner","4573bccfE19bcBa66Ba91DB5FaCD8d6A","Мария","Тихоновна","Качурина",0,13036),
  (13288,"Darkraven","A502D74bBB6836D4aFEB5D5CE6Ca983B","Кристина","Яновна","Максимушкина",0,13025),
  (13289,"Akill","047de17BbB6C68BBfC27aDfDb6F60c9f","Евгения","Степановна","Еськова",0,13020),
  (13290,"Mazuran","c0DF27e94F6AC789176B2D2Abfa81450","Семён","Пахомович","Зыльков",0,13015),
  (13291,"Aunin","e22B27b6DBD9D3bb545CC1Bc0903b23a","Аркадий","Казимирович","Януть",0,13011),
  (13292,"Nanadar","B62EF3703805A5B376D97066f2Bd73a5","Иван","Онуфриевич","Травин",0,13012),
  (13293,"Malen","d5ecDdcbEdc4dcAafBD80712d46eEca3","Полина","Филипповна","Никишина",0,13021),
  (13294,"Fewyn","deDCACc0A9e603eB2E2A386F9aB13bAc","Тимофей","Данилевич","Ягода",0,13010),
  (13295,"Felorad","d79C98F3BB61fc6fca34E6dD42f74ACe","Арина","Станиславовна","Баранова",0,13014),
  (13296,"Dorikelv","ce711BF4a591ccD16346Df3FDE46bCfC","Софья","Игнатиевна","Батурина",0,13040),
  (13297,"Redshaper","026B8f240E30f6Dd6ef0E7d5a1Ab77a6","Маргарита","Иларионовна","Ямбушева",0,13009),
  (13298,"Mezile","F55Cd6EA42D49eb562Ee7BAf1ceDf0D2","Кирилл","Макарович","Жутов",0,13016),
  (13299,"Yozshudal","0beaB21bc9F06A4F9ed83f662f0fc0fF","Прокл","Данилевич","Бобков",0,13023),
  (13300,"Malolv","E12712FE5A093ADBF9BAfA3C8AfE4D28","Надежда","Павеловна","Якубова",0,13000),
  (13301,"Yozshuramar","0D7eE1819f86ccD22dC31668B57bffCF","Полина","Емельяновна","Абросимова",0,13030),
  (13302,"Sinstaff","746D5f0FA1a3b6DbC1Bb6b9b2cee0b6e","Евгений","Серафимович","Мелехов",0,13038),
  (13303,"Vushicage","12f042848243AD1bC7ADEefafb594AD8","Стела","Андрияновна","Аксёнова",0,13000),
  (13304,"Silvercrusher","45F56Bf9E02D15F43aF58ade774CdC26","Диана","Леонидовна","Курышина",0,13030),
  (13305,"JoJokasa","8405239d9e362c0BaCaD83F8Ea565C35","Светлана","Филипповна","Синдеева",0,13001),
  (13306,"Malariel","865f5B1627600616c8eA2Ce2ffA8dfcA","Лавр","Иосифович","Лашманов",0,13028),
  (13307,"Malatius","34fa5fC65bFc46AC3FBae6E7Ec4D9BbB","Иосиф","Евлампиевич","Плаксин",0,13004),
  (13308,"Neshicage","B4Dc46fE0cd72f4fb8cD0bB8dDDc4Cee","Владимир","Григориевич","Тихоход",0,13022),
  (13309,"Zulkigar","b7edF7e0cabfD1FBa4d97FFda6E571fE","Виссарион","Мартьянович","Этуш",0,13011),
  (13310,"Nuadalis","5f5fdfABa0f63Eb0fB1b1bDFEa18111F","Оксана","Николаевна","Плюхина",0,13035),
  (13311,"Frostwing","Ca25fFe3C7d10DA7E5B251fDB57Aa9E0","Венедикт","Потапович","Кардапольцев",0,13029),
  (13312,"Akinogar","Aba7Ecfcd9a16E78b1889F27EC28B2a3","Рада","Игоревна","Комарова",1,13017),
  (13313,"Kajidal","EBcf16613E1F18B12ef51E1C6aF9D348","Полина","Петровна","Бескрёстнова",0,13002),
  (13314,"Nalas","538c7FCDe955Bf485da3521d4b9EFdB1","Ефрем","Гордеевич","Базаров",0,13009),
  (13315,"Hukus","0cd8E7f8AB3DeA08fFd9DbcC0e25b92a","Павел","Владиславович","Кравец",0,13018),
  (13316,"Gajinn","EaAEc9Fc32FeccFf6c940aAE7d3E3Efe","Алина","Федоровна","Стаина",0,13006),
  (13317,"Gholbirne","d38Ba386fDFF3e1EaC97A3eeA7BABc11","Иван","Феоктистович","Васенин",0,13016),
  (13318,"Kazrasida","Ec6eE787213b26B3e90D59b1de3B3BE5","Ирина","Федоровна","Полухина",0,13019),
  (13319,"Akinogore","aE13010e46dF6121Dd7cDeF04240Beb0","Евдокия","Борисовна","Чупрова",0,13007),
  (13320,"Adoradwyn","7EdAAACba8CfBF4aa9Bbeb0AAA7471ce","Регина","Фомевна","Чукреева",0,13028),
  (13321,"Blackfire","91feE6016e9ECAE5bE2C5ef8Dc6fCAac","Андрей","Владиславович","Борисов",0,13025),
  (13322,"Dozar","1d1360A75D907F5abDffFab15c9D101C","Рада","Святославовна","Тянникова",0,13027),
  (13323,"Runeshaper","d5F6c3cAfB2EBf37e7F5f5910b3DC28D","Алиса","Родионовна","Оболенская",0,13010),
  (13324,"Dalaron","BB2c4366AD1D157F51a3E4bc58CBbcD9","Кристина","Глебовна","Ханинова",0,13027),
  (13325,"Ironterror","F743c2E7D4c4B6FA276b7BCc5Dd6a7d3","Юнона","Елисеевна","Лебедкова",0,13034),
  (13326,"Kazrazragore","3BB36AD8d38DAbFCDEEA13e63cdB7Bed","Нина","Романовна","Александровича",0,13002),
  (13327,"Cereron","6fb7B3AA4F2905F8E0b8fe0cdD37377c","Кирилл","Онисимович","Сластников",0,13040),
  (13328,"Gaswyn","2ce2FA8885C9a6A043ea482Ec7FbDFc9","Яна","Фомевна","Кушкина",1,13001),
  (13329,"Samutaur","f83F4beCFfc6A0Ee5d87e2adfEf21f9F","Арина","Тимуровна","Саламатова",0,13028),
  (13330,"Whiteraven","240A4dca50022AeAb3bd65c32B4dCBB7","Ирина","Несторовна","Каширина",0,13030),
  (13331,"Beazemeena","aeaF6A0a430baaCE9b755AdA0d631EAf","Арина","Василиевна","Кривова",0,13003),
  (13332,"Granifym","6C52FFaB6bFa4e2fecF1E08ef92Daa53","Максим","Ульянович","Липов",0,13026),
  (13333,"Auzel","ac0e9Af91a14fe3B9EEde2927Eed4F21","Самсон","Онуфриевич","Чехов",0,13030),
  (13334,"Ianginn","efEA1D9Cf9c7b3a92aDA35f9DdFa5D99","Нина","Тимуровна","Кушкина",0,13006),
  (13335,"Tygrajurus","87E22E47fbBaaBA1bB04Fe28F352DD7C","Лука","Савелиевич","Никулин",0,13038),
  (13336,"Coisida","Ef43CDe2FaD6CB53Fc6D1d8A5cb1c79E","Феофан","Мечиславович","Амалиев",0,13038),
  (13337,"Forcecliff","3AC7aDB3b6946034810AA9ba2FfF9DA0","Кристина","Данилевна","Шихранова",0,13014),
  (13338,"Thodora","74d7e3b82d20B75C0A3EC1a6a66d8ff1","Регина","Олеговна","Драчёва",0,13020),
  (13339,"Whitecaster","5Bdc64e1aB7EEA5eDAFba4175E55DBC9","Валентин","Георгиевич","Егоров",0,13033),
  (13340,"Androtus","fAaAfABC725EF8350ABFd95dF859cE2c","Серафим","Ипатиевич","Николин",0,13024),
  (13341,"Runecliff","dba0b61Fcd9855Ae27c1d3AEBf2F40FE","Лидия","Виталиевна","Фурманова",0,13032),
  (13342,"Kakora","eFc31b554C14e08ef48952F3d6dcAEae","Егор","Трофимович","Брагин",1,13005),
  (13343,"Rexfury","1ED7f7Cb5bB3b82D5AD8fD4C5Bd26aDF","Дементий","Владиславович","Делов",0,13036),
  (13344,"Manalis","dCb79147CaBfDEEaa6286Fc52aa53502","Алина","Фомевна","Дукачёва",0,13007),
  (13345,"Lightbeard","0dD3E3b1abdecF5BF24E62CEBfeBa8C5","Тимур","Адрианович","Лёвкин",0,13007),
  (13346,"Burilak","1eB0545BfC111C0FfDDe3EfEcc3eF0d9","Юлия","Игоревна","Нырцева",0,13032),
  (13347,"Ironkiller","86C610747aEdA38BEfA899D313aCa44b","Игнатий","Кириллович","Яблонцев",0,13037),
  (13348,"Opiron","F44a4275B1076D82aC4114b8Ac31FeAE","Алиса","Николаевна","Чигракова",0,13029),
  (13349,"Bloodflame","319CA7DA5BAc83900CE3AD7dd6CAC8eD","Диана","Константиновна","Воронова",0,13027),
  (13350,"Buridred","C6A6ad6Dbb4c4445d6baFcF0ae796BA6","Валентина","Серафимовна","Тимофеева",0,13014),
  (13351,"Snowcrusher","9de4dBdbDDb2Dfce964bCd5ffAdFc0Ba","Георгий","Федотович","Пономарев",0,13029),
  (13352,"Muthris","Bc933aBf0B484626561d12BaE6aE40Ec","Диана","Данииловна","Курбанова",0,13032),
  (13353,"Zuktilar","DbF3c2b0F5538E67C4BC1D7B6DcC0a07","Мария","Василиевна","Новикова",0,13035),
  (13354,"Maugar","3D8c49aE2afc5D9FB898d0BABbDbAC03","Елизар","Андриянович","Бобрик",0,13014),
  (13355,"Kazigul","d335cc73bADE55C7Fc9EC55a2220baBE","Лука","Артемович","Кондратьев",0,13003),
  (13356,"Cerege","569B13eE3d1E6D2C51fED947BeEEe1aa","Остап","Феоктистович","Иноземцев",0,13005),
  (13357,"Androgas","eefcF9A0997844f8FF5D1B8E6C24B55e","Серафим","Ефремович","Ямалетдинов",0,13023),
  (13358,"Saiswyn","AF7FFBC1Cea91Ce8AccA42E22a69bB27","Семён","Венедиктович","Шапиро",0,13007),
  (13359,"Broadmaster","CF8f5743b710e8DEaB3aD78BA44B3b5D","Любовь","Иларионовна","Козакова",0,13014),
  (13360,"Grindis","f28D84d381bcD064d1AA441dD20B25AD","Илья","Геннадиевич","Чернецкий",1,13005),
  (13361,"Dianadred","dACCbBe75DB10dFBB4fCcE2d9B5f41EC","Максим","Аполлинариевич","Явлюхин",0,13001),
  (13362,"Sinmoon","f91912FFDDBe3aeb39A577Eaff15eeA1","Максимильян","Потапович","Рыжков",0,13018),
  (13363,"Dori","7Be47c3F12Fc1c7D5DFd8Bc6a788ddef","Евгения","Юлиевна","Амелина",0,13019),
  (13364,"Samubar","3905aF7019BbF2Da5beaEE158d8eC3dE","Мир","Феоктистович","Фаммус",0,13006),
  (13365,"Fauzshura","b59CCEFE647Dc87dc2577bDce7b8038d","Герасим","Адамович","Сарайкин",0,13030),
  (13366,"Mecage","893bEe8fcD4f8ceC2Dd4CDb18fBDdffa","Иван","Потапович","Явлинский",0,13004),
  (13367,"Zolokasa","db1Dcfa2aDD68A23FFfb7AC67eB3D808","Дмитрий","Маркович","Соболев",1,13015),
  (13368,"Grilsa","dfbE0e4e27bE7717A7dc467B6DBFBBfF","Виктор","Платонович","Ковшевников",0,13019),
  (13369,"Manalune","aA7A3ef0A43CFbdEBe4b4A6C3170cc81","Алиса","Владленовна","Платущихина",0,13024),
  (13370,"Goldenpick","da1EAe2CEcBd11ABFbdebae9A9f3bD8D","Лука","Сократович","Казанец",0,13025),
  (13371,"Sirantrius","C2aD6A5aA11fef1683D352552f06E789","Михаил","Агапович","Стариков",1,13008),
  (13372,"Taur","36DD6DBeDcaFd8AE4FcAE42Ed019A70e","Кирилл","Еремеевич","Балабанов",0,13001),
  (13373,"Shalinin","3019cDaed7cCFFDe3b14F891f05a8CbB","Якуб","Прохорович","Баушев",0,13007),
  (13374,"Mishakar","5ACf286BD8095223fACbD4cE0635B06e","Лавр","Никанорович","Яресько",0,13000),
  (13375,"Voodoorn","3bbA39772a7aDAcdE7f902330F1F3aEa","Станислав","Глебович","Юбкин",0,13016),
  (13376,"Kajas","CdfcFb1E7e823F57d5f9775584797E40","Юлия","Трофимовна","Орлова",0,13031),
  (13377,"Thundercliff","6cc0a61cbdFdbd2EB9f84D3eeE1acCCf","Оксана","Вячеславовна","Яндиева",0,13019),
  (13378,"Anayasius","DfabEeF1E104e8E4f16c90d66BCAeC50","Глеб","Евлампиевич","Базин",0,13004),
  (13379,"Braramar","dF5FCa6F2311AF13B18a6a2D1B2B8AcE","Самсон","Ростиславович","Максимов",0,13020),
  (13380,"Perirad","5ce54dC1Bf93F873eBeD17B941E51Bb4","Егор","Прохорович","Каравашкин",0,13035),
  (13381,"Keraris","a543cc65E95F10Ddff80bcD5cdee60fc","Екатерина","Павеловна","Евсеева",0,13023),
  (13382,"Vojinn","BEEBF4e23Dc8b7508CDeDC9b1d5EC407","Демьян","Мартьянович","Телицын",0,13017),
  (13383,"Fordreath","4aC2F7A7EeB6eD1d9eE571778d333CE5","Егор","Святославович","Никифоров",0,13010),
  (13384,"Arashimuro","3F6b6a0fb521ac35fae14b2663D995a1","Феликс","Прокофиевич","Малышев",1,13018),
  (13385,"Adriedor","EF9BcAC8aDe5aFf8f37a3363D350e024","Светлана","Давидовна","Лужкова",0,13004),
  (13386,"Ishnzar","a3fde32aeDc7Bbcf49f6b2C8aafF61b7","Ольга","Данииловна","Колосова",0,13011),
  (13387,"Yggswyn","8dDB81de4B666de2f15Ab1Cadd433CF3","Михаил","Трофимович","Ермушин",0,13040),
  (13388,"Doombreaker","255EBc9f07fAa99FbFB2eA740BbAaa7f","Евгений","Герасимович","Федосов",0,13001),
  (13389,"Saigas","10c8D0EE15eC0CF0bBCf8ee61d738a8D","Кондрат","Матвеевич","Веточкин",0,13033),
  (13390,"Sailv","9eC8fcB16Be80EF4fCcF9cf6c6Bf9f57","Петр","Артемиевич","Коченков",0,13005),
  (13391,"Thonrad","Cf3cbdbBaCadEe90cfD24E0a4fF0E577","Федот","Брониславович","Дагиров",0,13028),
  (13392,"Felomath","1Fa8ACD5E0D72fcfadD414c3b4fBdDdf","Макар","Эмилевич","Шалупов",0,13016),
  (13393,"Ygggelv","a1EC62c4DefcF433FC2BacB5eDCDc10A","Дарья","Федотовна","Званцева",0,13032),
  (13394,"Thundersmasher","cA51Ae9dAa18C6d873316aDC53Ad3d2d","Юлия","Захаровна","Турбина",0,13038),
  (13395,"Bandiswyn","6E10EeCCE7AF5FA744cD85e910423c2A","Павел","Артемиевич","Рожков",0,13002),
  (13396,"Mokus","5eC3ffbA7fE30cd0f898EE2dDb84eD71","Алиса","Станиславовна","Чадова",0,13015),
  (13397,"Akirr","1968AE1eD29C66Fb391bcBAd4Ff2455C","Мария","Феликсовна","Мандрыка",0,13024),
  (13398,"Nigis","33D1Bdfd50621faeE84B8FAdfdfCea9F","Егор","Севастьянович","Крыжов",0,13002),
  (13399,"Yggrana","541814bBA33Ee2e06C5144e0D2D8EdeB","Екатерина","Федоровна","Рубашкина",0,13030),
  (13400,"Kerazel","9B09ad477aE2Df7Efe1048B398FB0dD3","Никита","Мартьянович","Канкия",0,13000),
  (13401,"Chillfist","Ef68d04FfBbAfb2B7819EC1E7d9c4917","Венедикт","Измаилович","Экель",0,13037),
  (13402,"Cera","C58b70Cf98Baa53AcC9BdD7ce1a8fbDC","Кир","Касьянович","Пирожков",0,13033),
  (13403,"Coinn","c3FFfdc57abD562FcB1D6eEfF7b4EffB","Анастасия","Глебовна","Ягодина",0,13007),
  (13404,"Gorg","9a9e00981cA0DCB29eF6d6f972ebea1B","Варвара","Родионовна","Чукреева",0,13008),
  (13405,"Purestone","Ad472F4BCD946067E3DbBd19d3f317AD","Алиса","Мефодиевна","Друганина",0,13019),
  (13406,"Bladedweller","D0BeBb9E832A7FAEE00B0e078FFEcBeb","Вера","Евгениевна","Железнова",0,13017),
  (13407,"Dalarne","C22c5Ce80E9CE34bC5757db7B96FdE96","Денис","Моисеевич","Свечин",0,13019),
  (13408,"Vusida","C7ad9Ef1D681ce4b94BB397fdaDdACEb","Марк","Герасимович","Кутюков",0,13021),
  (13409,"Sarin","EbCB8e0d5aB5b06aaBCf5CFAaB7E7cEB","Юлия","Ивановна","Федосова",0,13031),
  (13410,"Menris","beCFfEACdeaBe3Ccbce1935Bba399CbB","Никита","Панкратиевич","Блоков",1,13011),
  (13411,"Bajin","a9875fDc770d9Caa858BBC1AfdBD74Ea","Лев","Валериевич","Кидирбаев",0,13035),
  (13412,"Dagda","1C1c1d7Cf98585BbAAA681a54ac144b4","Константин","Данилевич","Дешевых",0,13038),
  (13413,"Mejinn","d49a0F72f62fffbA8aCF5b964BB9aDFD","Владислав","Иннокентиевич","Колодезев",0,13018),
  (13414,"Gashicage","Cc8ADCD48EBF1cC6CA87c71CaF0fBc3C","Людмила","Святославовна","Макарова",0,13035),
  (13415,"Tegami","Ab811A58Ea5debC49cDa645d5F7BFFA3","Федор","Самуилович","Суворов",0,13021),
  (13416,"Mana","b4795D515c4563D8f73C926dD4CCB8ac","Анастасия","Степановна","Драчёва",0,13009),
  (13417,"Sternterror","fDB3cb723d3a3961ff5EcCE9B47c05Db","Наталья","Брониславовна","Игошина",0,13019),
  (13418,"Aririel","Ce8dF37E241b3b10dbBf2c9d4126B1aA","Изяслав","Яковович","Моряков",0,13023),
  (13419,"Garim","e9b9BabDF29FaD9aBbfcD1AadBeDA78a","Фома","Маркович","Лекомцев",1,13031),
  (13420,"Sharpbringer","1DeDbf1D2ea12904Ab8eaCb1678eE3a2","Константин","Артемович","Янцижин",0,13000),
  (13421,"Kigarg","BC05CefF0481aBaCeDe3D19Aea5911e8","Розалия","Казимировна","Бендлина",0,13008),
  (13422,"Dousho","8B0Ca267d45C2eD335184c55c7fe395e","Данила","Алексеевич","Молочинский",0,13002),
  (13423,"Vudozuru","Af5faAaAAEB3f83decbDd8B8da8014C5","Лилия","Елизаровна","Левина",0,13010),
  (13424,"Dar","eFCEa7Aca68f05BeA8a9dAB588B1B2fb","Дарья","Антониновна","Жутова",0,13003),
  (13425,"Gralore","7C24CeD053EA8afdF0AcDA34Ce904A75","Стела","Степановна","Хлебникова",0,13000),
  (13426,"Fekus","E707921cc8bAbE405dbEeFffE245e40E","Алина","Глебовна","Хромченко",0,13038),
  (13427,"Adorara","27eDeccb5f8ace0BB5aC8bfD2D4D8b7a","Виктор","Аполлинариевич","Зиновьев",0,13028),
  (13428,"Grojinn","Ac189d6aEe647Bd9e879BCb093E34DD5","Вера","Борисовна","Амбражевича",0,13010),
  (13429,"Shakagis","3E4B53761aEdFde62caA2FbA9d9cdCdC","Александр","Платонович","Коротченко",0,13035),
  (13430,"Hugilak","0FB95C353CBb4Ba2d5FCB97aD3Fc9Cc3","Евгений","Севастьянович","Белозерцев",0,13022),
  (13431,"Arilar","E4C81A6C93Eb1DE4A0cc645c4ea3c036","Леонид","Герасимович","Снаткин",0,13025),
  (13432,"Thorgardana","bD31431003bbeb584Ebc94E5250ebBCd","Лидия","Ивановна","Колобова",0,13011),
  (13433,"Swordbringer","ea5Ceca4dd9A84eAFef9Ad5FfBFA94dA","Нина","Антониновна","Макарова",0,13009),
  (13434,"Augra","2d9ffcc6Eb3F66B22abCf0D3c0CA20e7","Яна","Брониславовна","Шурдука",0,13014),
  (13435,"Zulkikree","eaDACff7b41b5dc3F953D6cEC5D5AffC","Семён","Никитевич","Абакумов",0,13010),
  (13436,"Moogulabar","Ecfc50aAFf80Ca5ea626Ea0e83f7dA5d","Ирина","Филипповна","Мамонова",1,13008),
  (13437,"Analmeena","fbade5BBd16CF7D5dff882ed4f9BE9aE","Анастасия","Серафимовна","Подмазко",0,13030),
  (13438,"Cordara","aeb8FfE6EC2bCdb163822A2Cd20D1BB3","Всеволод","Венедиктович","Дементьев",0,13036),
  (13439,"Miralune","dE0f8d1a18bEa738ecBEEeEECeC8A416","Дементий","Вадимович","Сабанцев",0,13039),
  (13440,"Kathriwield","ceeE02Ff4fFA1eEA8e166D39bbFc7BFA","Елена","Емельяновна","Орехова",0,13006),
  (13441,"Raineye","f2F45F5eCC1eAEF17Abee93aE0ac1e2D","Николай","Святославович","Жаров",0,13019),
  (13442,"Trueshaper","2aC295D8CbE4EdDeDaCab67Ac1144293","Вадим","Остапович","Ябров",0,13031),
  (13443,"Bogas","fCE35d9bf2a762f11D3f0150b85ceB3c","Семён","Егорович","Муленко",0,13022),
  (13444,"Meztilar","5b52ca2De5dA4C383464dD7DDc0f8c4E","Марина","Леонидовна","Майсака",0,13020),
  (13445,"Kataxe","DDeaaD74A0CB90f027Eccb077745D91c","Лев","Агапович","Снаткин",1,13014),
  (13446,"Felhath","dEdaA4f607d36A0CAA1bbeddeA0A9F6e","Владимир","Сократович","Комраков",0,13008),
  (13447,"Madal","Eee98Fe97ebfb5311E641cBcD994aF73","Яна","Федоровна","Журавлева",0,13032),
  (13448,"Ishndi","e0FD8aADAaAca1Cce4120EA3DA2EE2F3","Янина","Ефимовна","Колесова",0,13023),
  (13449,"Nilarim","031415585aD0DABB36F29d645eDD0DA9","Денис","Якубович","Ягеман",0,13027),
  (13450,"Doombrand","71F8Ae4DB45b7Ff0c5aCDB9adb7f2A40","Игорь","Евлампиевич","Белолипецкий",1,13040),
  (13451,"Alsabor","A7157DC60cC098bB3c1BBF1b936d7245","Никита","Кондратиевич","Ясеневский",0,13023),
  (13452,"Togore","191AA88F9165baaD58c4dEB0Be0eB2C1","Влада","Елизаровна","Пьянкова",0,13018),
  (13453,"Whitefang","AfB0F7f5ec1fB3A99B25A8F5dC99dFA1","Алексей","Евлампиевич","Клинских",0,13036),
  (13454,"Forcedweller","B8CcbadfDF9382b0fcae9D8e44eA6Edd","Артур","Игоревич","Щеткин",0,13032),
  (13455,"Adogelv","129d1112FAE4BCC23a0044c07AcC03F3","Илья","Семенович","Мукосеев",0,13022),
  (13456,"Blackmoon","C5350Ff9ceF4aFB357A1EfBDabCF5eb7","Богдан","Аполлинариевич","Есенин",0,13031),
  (13457,"Nit","5395eb5675bed2A7146EE0eeFfcc8050","Диана","Петровна","Янушко",0,13026),
  (13458,"Nikoktilar","CF15185222c62A8Bd0Aeb2b10504E83b","Никита","Ерофеевич","Капнист",0,13038),
  (13459,"Meramar","6Fa1BDfcB2BEBF7caa0D8FeDCDB60DDB","Елизавета","Потаповна","Помельникова",0,13021),
  (13460,"Daktilar","ddCA85a18effee876711dF381d683d5C","Всеволод","Викентиевич","Ёжин",0,13022),
  (13461,"Grilace","BD3d1fEc61fc9F2566a6379B20296C8A","Эдуард","Ростиславович","Воронин",0,13016),
  (13462,"Fearlesscrusher","DFDC05FFC1ED2d8abEdDf28d2E949BAE","Нина","Марковна","Белоусова",0,13039),
  (13463,"Nazragore","Eb038a58E9Ee144cC6C7E32d0daB3F7d","Кир","Касьянович","Шапцев",0,13024),
  (13464,"Laitus","B37eCDb59C9cd54BbEc27b02cBCE9B31","Влада","Ефимовна","Шестакова",0,13032),
  (13465,"Dak","748e72bD090fBbCDfA9e05aD4ac335db","Марта","Тимуровна","Баязова",1,13002),
  (13466,"Snowsmith","ec6faaE3278a6Ae638Fffc7871fffBad","Александра","Святославовна","Яловкина",0,13013),
  (13467,"Blueraven","Fa9Ee9Bc6A36D4efFDA9866599fBb9Ab","Дмитрий","Якубович","Ромазанов",0,13040),
  (13468,"Cemeena","c224Bc7EE65F86490D8c2c587Decf4d1","Захар","Евграфович","Пичушкин",0,13036),
  (13469,"Magore","e83D9edFB70DdaEA879a81fd821F6Dae","Владислав","Савелиевич","Распутин",0,13012),
  (13470,"Landasida","bEcea4cC900FB9AC2197e9cbC4FF1c9f","Павел","Егорович","Сизый",0,13025),
  (13471,"Rockscar","f1A552CEa1bC32af850DAc1bB924EaE1","Игорь","Евгениевич","Якобсон",0,13004),
  (13472,"Sternsinger","5bD5ECcCcEBCc84B214B829d2bdB4eCA","Вячеслав","Валериевич","Сухих",1,13019),
  (13473,"Windforge","3add6b4FC1DBcCbd9cE18Dd3bfD03DCF","Никифор","Ипатиевич","Васнев",0,13016),
  (13474,"Arigelv","DD6be5b69C3128Ce08B4EC928A16c4D9","Лидия","Виталиевна","Старкова",1,13038),
  (13475,"Bazel","8b65C95cD78eE3a3cae0dA7CdB7D84BC","Ника","Федотовна","Мамонова",1,13025),
  (13476,"Tojara","5c69A8A1fC021dD2B3de5d55d77a4AAA","Светлана","Данииловна","Юдачёва",0,13031),
  (13477,"Starmaster","63aa30d747F038dC9105A5be5ca7Adea","Нина","Александровна","Ярилова",0,13003),
  (13478,"Bragore","FEfD7dCf8b0aDCfD741DcBCfC44EDA03","Нина","Потаповна","Яковиченко",1,13004),
  (13479,"Lardred","CeDeA4bd2D7fccA0bE04F853Ade6Cbc4","Фаина","Яновна","Царёва",0,13034),
  (13480,"Dowield","F87Af57C0C0d3145bAdb4487A02568BB","Наталия","Станиславовна","Задкова",0,13007),
  (13481,"Morage","8AC35245dB34C287EBB538CDe9A0B2DF","Вероника","Василиевна","Капылюшный",1,13031),
  (13482,"Ironfist","787cce1a9617E9ccEBAEEc4cd088673d","Лиана","Николаевна","Рамазана",1,13010),
  (13483,"Rainbourne","0A39E25f2ff7D6F35C18314BcBBEdd15","Изяслав","Сократович","Лобов",0,13001),
  (13484,"Blackwood","caadDd6b6F0fD015Df46EE6d27dF8187","Николай","Карлович","Янушкевич",0,13030),
  (13485,"Arcanefire","6A31e163CC4f46410D3fFEd49246dBAE","Ксения","Мироновна","Гунина",0,13036),
  (13486,"Mozan","0EAd9Cfb61fa99b8eB841dF5f5E19757","Нина","Тимофеевна","Шурдука",0,13023),
  (13487,"Gazuru","804b5ad68Cb6916F90836DE590a986aC","Татьяна","Елизаровна","Усова",1,13033),
  (13488,"Sirann","E1a6E872BF9BB72e3fB4D6ADBfA7eC84","Сергей","Леонтиевич","Эллинский",0,13035),
  (13489,"Sharpfist","5B5B919866B0a7a4a09eb1f3D91b64ca","Лилия","Николаевна","Кулагина",1,13021),
  (13490,"Narad","Bc225Fe3DDF0C51E1E828Ff53A1bE74A","Диана","Трофимовна","Лысова",0,13030),
  (13491,"Samulrajas","f25DAc17d2fd93CdF9ac5CF8Bbe392e2","Татьяна","Федоровна","Ярушина",0,13023),
  (13492,"Celore","7cDeAfdbF2D898fFCb03795ECf3e6665","Георгий","Ираклиевич","Гавриленков",0,13033),
  (13493,"Bealsa","B38Cb7Ad7eCCEdFFdE5Fcb80Bce537d9","Глеб","Всеволодович","Чечуров",0,13038),
  (13494,"Kagalrajas","C44EBecfF1caF70DBb1ba7DAFc7ceefd","Эмма","Мироновна","Углова",0,13002),
  (13495,"Kerus","A5A4d078AcF532C1fBcaBCcBbdbfCf97","Евгений","Мечиславович","Яшвили",0,13011),
  (13496,"Goldwalker","6Db2dbff64f0Aec594b0CED13dDCcd0c","Ярослав","Евстафиевич","Орехов",0,13036),
  (13497,"Mijind","216995cc7A778a6903bF9fe8681e8575","Кир","Кондратиевич","Злобин",0,13023),
  (13498,"Gogul","b90aFF0Efcf46b7b474a5C34AD48e50b","Нина","Трофимовна","Аниканова",1,13032),
  (13499,"Yozshukazahn","e664cFb9BD234Df3FD9fd98B3FeAEaf9","Инна","Святославовна","Жаглина",0,13015),
  (13500,"Adofyn","0Afc51BbBD5F9D55188E8Dd4f7cAAc27","Владлен","Адрианович","Тредиаковский",0,13026),
  (13501,"Bladerunner","dD5051603EBbDffDE538F1a5c6D3D676","Александра","Германовна","Цой",0,13026),
  (13502,"Cordarne","0290F1DEbE30523FA0BEd164367376cC","Константин","Елисеевич","Селиванов",0,13039),
  (13503,"Ironbinder","eFc4f9D82fB4FBDF2Dce1b24C767Dfd6","Евгений","Ермолаевич","Тотенков",0,13009),
  (13504,"Agamarus","b3f7fa4782CfdDEBADE68EC4BCb6ef5a","Диана","Игоревна","Володина",0,13032),
  (13505,"Arikelv","cd1c3C2fDBDb4fe8aef7eEE1910B1dFB","Берта","Андрияновна","Смагина",0,13012),
  (13506,"Nuadarad","6AA3c14B981DDDFCC7D276D7bDBffa5c","Никита","Макарович","Сытников",0,13036),
  (13507,"Gholbisida","Ab6fEcBC4aD7CEDAEeDd34f7B27cadc2","Владислав","Савелиевич","Яглинцев",0,13003),
  (13508,"Bugra","dEaa7CB2d5159bEeeFDf8F632a1B069b","Евгений","Наумович","Бегичев",0,13019),
  (13509,"Sanaya","0d27050AAc9f8aBb2eCc80Cbd400A939","Жанна","Ивановна","Федулова",1,13007),
  (13510,"Munizius","fF0Ef4D6F9606f4a77BB7947e6C643Af","Алина","Анатолиевна","Черниенко",0,13002),
  (13511,"Fordregda","4C195dc6f8Cc37F4ABe17a12fCf8dc2D","Демьян","Никонович","Пустов",0,13036),
  (13512,"Morn","04bA4BB92EA2E2BdAdD07E1bFE9Ccff1","Елена","Елисеевна","Игошева",0,13021),
  (13513,"Ke","d0dF8eab799e2452aeCBd9eAE6a5fFCD","Егор","Евгениевич","Мирзoян",0,13027),
  (13514,"Anayaris","8CCB2a9bA5ADbDFa8aD3EA9d5F0BbbAc","Алина","Филипповна","Янкелевича",0,13012),
  (13515,"Zulkigul","6E5E7cFebBE0E7Cab38F866Eb85cB2c1","Александра","Данииловна","Килина",0,13028),
  (13516,"Cerewyn","3a4efA96C8b03c3cC13d536aE6C1c79B","Илья","Валериевич","Хвостовский",0,13007),
  (13517,"Tygorg","37F0B30c423bbB3debE3BEFd94badecF","Вероника","Владленовна","Блинова",0,13038),
  (13518,"Mashura","A905E4B2eA0ACfb0faCaE12A43979164","Назар","Мартьянович","Едемский",0,13039),
  (13519,"Grigas","5C5348d1Df8F1EC9006e2eb5016d0B9c","Платон","Макарович","Легкодимов",0,13004),
  (13520,"Saberblade","e3eef6Fb7CAA03DAbf88A0aC2eFf1126","Варвара","Евгениевна","Деменкова",0,13009),
  (13521,"Nadora","67eEBdd2BcD5B1fa2F31795Cf4ac45ee","Александра","Несторовна","Анрепа",1,13028),
  (13522,"Ironflame","B09eD6498cDb0d8f9CE8C23d842D8bd9","Ярослав","Олегович","Чендев",0,13021),
  (13523,"Aurilune","eDd1BFe160ba3b81cB4FeA939Aaf5acb","Виссарион","Никифорович","Курочкин",0,13020),
  (13524,"Kadar","CAB233b1DF455ca4d959a6dAcE5Caf7c","Валентина","Василиевна","Никоненко",0,13012),
  (13525,"Rockray","2fdfb241bD5aD2ebEded265aAD8F0fc6","Денис","Леонович","Ярин",0,13039),
  (13526,"Gririm","0AD31AD5F7ADfe57dFc4eACA0dd5C2cE","Алиса","Анатолиевна","Истомина",0,13016),
  (13527,"Fejar","FcB8Dc1dA3A78eCfC56E0B7b2ebEE74e","Майя","Николаевна","Фомичёва",0,13040),
  (13528,"Nalmergas","CB1D8D19A5D9A03dcA4b815B1d02FB0b","Константин","Федотович","Чупалов",0,13025),
  (13529,"Perne","8BEF2BAb9f67d25e9AD4e411Ca18c9fB","Алина","Карповна","Бармыкина",0,13022),
  (13530,"Raincliff","7EBA52b3F9f2eBAa5cFCCB281fEF93af","Варвара","Потаповна","Гребнева",0,13017),
  (13531,"Nigal","Ac23BF9B9daad1a5899A72ed2eDC28BC","Давид","Саввевич","Бабиков",0,13035),
  (13532,"Burith","D3Df3236138f1a4bc6bf336CB8Ef5183","Лиана","Серафимовна","Дудинова",0,13030),
  (13533,"Arashigul","8EEa771e9Fe543d88CD4Dc54a3eecfba","Илья","Эрнестович","Шульц",0,13018),
  (13534,"Zoloran","1d1D7b8dF6ec23CF2e0353dc7bE9A6BF","Артём","Феоктистович","Костин",0,13018),
  (13535,"Peghma","6C0aEeBe8cDDB5fFB1d0F563030A3244","Ирина","Ильевна","Сиякаева",1,13025),
  (13536,"Spellworm","6EB14C622ceD6faCa827BDBadcAB4dA2","Ярослав","Гордеевич","Кулагинский",0,13019),
  (13537,"Aradi","c9a6f12F85aD2E6b81b8DF3F1bc4B2F2","﻿Август","Саввевич","Конев",0,13039),
  (13538,"Kagagal","4dEd7E6C8DdC3afA0c0Ddd5ea2A46A4B","Нина","Брониславовна","Нырко",0,13029),
  (13539,"Flameseeker","07BEfC620f54BD96F9BF4E1Ad4e43bf9","Константин","Захарович","Половов",0,13014),
  (13540,"Buzaril","2CCEB29E50ca0Af8b4C12ab5a2aE1d02","Юлия","Брониславовна","Цорна",0,13039),
  (13541,"Daghma","adb59BdbfFDbaBbaC2e4Afe2cdD9Aead","Богдан","Прокофиевич","Хрущёв",0,13039),
  (13542,"Febar","Aeea9B5dC9c6c75edBEA82CDEE0c1fB7","Анфиса","Елисеевна","Тихоненко",0,13038),
  (13543,"Bukus","a8CaE0f9a27b2b9af3ED92fDA2d0cD4f","Потап","Леонович","Еркулаев",0,13035),
  (13544,"Swordscar","D03ce7aF75f7290f6D17De96CDcb0787","Анатолий","Ерофеевич","Дырбов",0,13005),
  (13545,"Fordrekus","183e68Fc9dF4c8c67FB92AfC3fe4cAf4","Виталий","Денисович","Антиповский",0,13011),
  (13546,"Ironeye","EEaaA19C98b59F2DfF2CE965C4dA444d","Валерий","Федотович","Одинцов",0,13037),
  (13547,"Modiril","e4c9f8Cc1D1bdebDd749248fd043931f","Варвара","Степановна","Коржаева",0,13010),
  (13548,"Kirizar","dCf1465e545d99CcEb36CbA3cDCfAE55","Егор","Никонович","Щукин",0,13003),
  (13549,"Zolokree","2fA0d7Cdd87aEf5BCC3614fcEd31deCc","Эрнст","Святославович","Корнев",0,13034),
  (13550,"Tobar","1b5E4D9EdA6e25BdA588b574f0Cb4486","Юлия","Давидовна","Аксёнова",0,13020),
  (13551,"Safym","d63df91BFc842eaBda95e4DBcDb0fB7e","Николай","Изяславович","Смольянинов",0,13037),
  (13552,"Nizahn","66EE43DEfB3380ec9e85D585Ec7ccCCB","Глеб","Казимирович","Александров",1,13028),
  (13553,"Morludar","9cadC998C8Cfd0506c8b02f374ff19Ca","Наталья","Данииловна","Малышева",0,13026),
  (13554,"Doomfang","ABF6E2fE4B7fd647ACAFFaDb1979DfE0","Светлана","Борисовна","Вавилова",0,13006),
  (13555,"Felhawield","e7DfA2aD7BEfB6a33C73db94dAbBFAa1","Ариадна","Федотовна","Колесникова",0,13030),
  (13556,"Goltigul","CFE2cda7Ce4e7ABd05e1edDffB80fB1a","Аскольд","Брониславович","Никишов",0,13011),
  (13557,"Cerdred","778574EF0381F67642058Cf5EF9ACBE0","Феофан","Никитевич","Михалицин",0,13013),
  (13558,"Pureworm","4fCa680Aec5B8495029dc67dfAa03Ffe","Каролина","Виталиевна","Шаврина",0,13023),
  (13559,"Kekus","eAF4A6B3e7b7CB42E10cf25ddAe9fdeE","Зинаида","Кузьмевна","Нестерова",0,13024),
  (13560,"Darkshaper","4b58bCc0CAaD2Bd3d4cAEbed09E6b710","Виктория","Емельяновна","Воронцова",0,13004),
  (13561,"Kigazilkree","BB1ADE80b552bfeA4B074CCcAaE031B9","Константин","Денисович","Мажулин",0,13003),
  (13562,"Agardin","0E552Aee42cE2BcF8F6Eed5cd6DC6BDF","Арина","Геннадиевна","Лужкова",1,13005),
  (13563,"Dodwyn","fda3dfE08Bb79b1cdBCd9232682eB24e","Алиса","Марковна","Занина",0,13000),
  (13564,"Opithris","C9FaEd4b667EdAFb5de4703dA3ddf25a","Оксана","Захаровна","Илюшина",0,13027),
  (13565,"Ianthis","bA49D1D5F807E18332FD3ff8E2dB5C0C","Кондратий","Сигизмундович","Эшман",0,13031),
  (13566,"Dadi","B314dc0a311dFB64b6fdAdFDb87D1C84","Михей","Иосифович","Кулдошин",0,13014),
  (13567,"Kiriginn","8b01F3e8c6fe50E1A1Bdd80a02aFEAAf","Денис","Онуфриевич","Лавров",0,13011),
  (13568,"Jobor","3DE2fB03dC9c79d14c652959314DF380","Агафья","Юлиевна","Флёрова",0,13008),
  (13569,"Rainstaff","BAFeDfbFC0e49aCFBfF9c38f39CFDA9b","Антип","Леонидович","Заболотный",0,13028),
  (13570,"Centrizan","CDacbdfAbECa41cF2A5C4c10ee5cBECD","Екатерина","Геннадиевна","Бодрова",0,13005),
  (13571,"Mazragore","2d7f2b4C24bCD30D7e4f8da40a5FBDCE","Марина","Несторовна","Щепкина",0,13013),
  (13572,"Lairil","12dbADE7bf419B45705AfB7dFe14315e","Роман","Севастьянович","Аниканов",0,13023),
  (13573,"Adrienadar","E5Ab60073D666C9d1D28be78aCF86aac","Михаил","Мартьянович","Яглинцев",0,13009),
  (13574,"JoJogrel","09dfF5aEdFf7A69ff0A9Be7DD57a63Fe","Екатерина","Мефодиевна","Поникарова",1,13023),
  (13575,"Spellstaff","da200EB18DD340B5dF54a13EdDfCfBbE","Вероника","Игнатиевна","Яцунова",0,13007),
  (13576,"Daramar","aAD2978A9a63b8917fBC3a4bC9CDa84a","Ярослав","Давыдович","Степнов",0,13005),
  (13577,"Nuadalv","cbBbDfcCdEc1574aed46C65a80aA286D","Адриан","Фролович","Суворин",0,13001),
  (13578,"Oghmaswyn","EBFF1D31c8BC5ccf4C9BAeC6b4394cCa","Ангелина","Потаповна","Сластникова",0,13017),
  (13579,"Rockstalker","c07A08645bA8e02F00AC4dEb28D020AC","Мария","Брониславовна","Буклина",0,13023),
  (13580,"Fordrern","d12aeFA740f0ee2A7BA33602167Bb156","Евгений","Епифанович","Юшаков",0,13024),
  (13581,"Vigrel","7dEC8334d3cddAFB33042fEED1ed7e6A","Евдоким","Макарович","Черниенко",0,13031),
  (13582,"Yggri","9Cc57D4f80a4B9b8aFfDEC0b03fBB7C1","Вячеслав","Дмитриевич","Яровый",0,13036),
  (13583,"Snowstone","11f2cf5159719A2F161Ae89AF7cBbec4","Вероника","Германовна","Должикова",0,13014),
  (13584,"Lighthunter","F0BAF956B18854449F868be2A8BE4D42","Капитон","Брониславович","Привалов",0,13001),
  (13585,"Modi","dff7BB2842F226EDAebFF585204bEf53","Татьяна","Александровна","Цейдлерина",0,13020),
  (13586,"Nuanadar","8De5e99FD83952f8AE93C7B886626c7e","Тимур","Ираклиевич","Яшагин",0,13001),
  (13587,"Shar","Cd4856cBA54cC3AEDdeafE9FA9FFb2a7","Парфен","Иосифович","Ростов",0,13028),
  (13588,"Ianghma","2bCD09bCfcc3892772b0B2Dde20d1aFB","Николай","Фомевич","Манин",0,13033),
  (13589,"Dalaril","313887254FB5bfAeaFe1Ec84E7F3Fcf1","Оксана","Федоровна","Плахтюрина",0,13007),
  (13590,"Axeraven","feDeEEf39FDbCc2AeDEEEAa3ccB97F8E","Поликарп","Венедиктович","Сиясинов",0,13015),
  (13591,"Whiteforge","D80a24b19fbeE0E181F1FA2EDF33efF6","Вадим","Онисимович","Игнатов",0,13031),
  (13592,"Shasho","98C384FE93C6fcd3EBbF9bFfc42DD72a","Константин","Еремеевич","Уттеркло",0,13024),
  (13593,"Thunderdragon","e08F28cfdD2023adC16Df221A29Dec91","Ольга","Юлиевна","Лигачёва",0,13029),
  (13594,"Kam","Bb33b9BD9285eafA6C5aA357eFCCc044","Назар","Модестович","Кондратенко",0,13025),
  (13595,"Ishnzius","FBC6ECFAEb2bc6f6CbE42c651ABe2Cb3","Эвелина","Мироновна","Ямлиханова",0,13001),
  (13596,"Opilace","720bEe3cA10FdE44FdBa44BfAAd217C8","Светлана","Елисеевна","Кваскова",0,13016),
  (13597,"Nuada","33FFeF7dD2a1DD9773cadAa5db71Bd2B","Никита","Ефремович","Николин",1,13021),
  (13598,"Axefire","DD41971eF3df638eF4fFDBcDA1397EDA","Вероника","Германовна","Кулактина",0,13026),
  (13599,"Temi","fbd7DcAc851dAA74Eb4a6Eaf5AeD46b9","Константин","Еремеевич","Силиванов",1,13038),
  (13600,"Lainadar","BFEd8cdA2Ca47eB6D0BbD9e31cdafb71","Михей","Мартьянович","Шуленков",0,13019),
  (13601,"Rainblade","7a0BC813F7A1f4FbE80989D8eEf9deBF","Александр","Несторович","Дьячков",0,13035),
  (13602,"Drelalanim","0F87f03aB4c5eD9c2d42c65D1C2fd1a0","Диана","Ипполитовна","Яговенко",0,13018),
  (13603,"Umgrinn","BabDeEC4FB56eD8e4b2cc2d4aF424c4A","Наталья","Игнатиевна","Алексеева",0,13038),
  (13604,"Dozius","13d7E6d6BF293815b9aef10281fE77fE","Алексей","Якубович","Яламов",0,13010),
  (13605,"Thodar","c953301e237E26fcfdeB172Da3Ecc61a","Игнатий","Ипполитович","Бочко",1,13000),
  (13606,"Gazan","5eE98f4f5BaDF430Bd2b0eC5acbC4aCF","Наум","Самсонович","Юматов",0,13037),
  (13607,"Shadowsinger","4Be14A4db2FF8A12bdaEECD9f51Cee9d","Степан","Арсениевич","Грош",1,13004),
  (13608,"Goltizuru","a13CbBa59637ae900FBcB3b5EBe75a77","Татьяна","Владиленовна","Сияница",0,13029),
  (13609,"Kiridred","7eeFf928298c8e847D2b5e4Fff09aB6F","Варвара","Владиленовна","Юрлова",0,13033),
  (13610,"Cordarn","Dcf4a345A15FE5C08c54B7b7b4FcbEBE","Лукьян","Панкратиевич","Энгельгардт",0,13009),
  (13611,"Laiwyn","A0AaffA39b3F4Ea2b85e0C7103EE00E2","Анна","Николаевна","Баландина",1,13013),
  (13612,"Voodoonris","f1d8B0C6d27E88bc13fF43fcb99d1fAd","Прокофий","Евстафиевич","Мартюшев",0,13033),
  (13613,"Andronis","eBB465CfCCFC7eEeC6cc5923B2f4e4AB","Роман","Сигизмундович","Никаев",0,13006),
  (13614,"Sirawyn","A94CDbE737Ed19dcF9FD2fa4C22AcEB0","Каролина","Филипповна","Курепина",0,13034),
  (13615,"Ironbringer","Ae0EdBBBaC908a71BF3A9DBc9FC07D2E","Сергей","Леонович","Берия",0,13037),
  (13616,"Vikora","0D42Fb7D3BFbcDDDfbc14D34Cd030d7E","Виктория","Олеговна","Орехова",0,13023),
  (13617,"Mavegar","eD40A08e2CFa7Bf41ed97BE584cED4Ec","Казимир","Прокофиевич","Нюхалов",0,13020),
  (13618,"Miramand","CB8EAc8063b465Ba8eC1412aea88d58D","Алиса","Олеговна","Калагина",0,13019),
  (13619,"Shaktizuru","8180C6353af0eC3Bab5Be6db7F2cE04C","Ксения","Филипповна","Онипченко",0,13017),
  (13620,"Yggndis","bFA93F3f8e18AeAFe44eA6BF32cad228","Ольга","Вячеславовна","Дорофеева",0,13006),
  (13621,"Nithis","50bf1cf25da7Ea95f7FE3FFdDccc060B","Наталья","Никитевна","Колобкова",1,13018),
  (13622,"Thorgaril","86a99bfced0DDC3cFF27F2b3E0fbFD11","Виктория","Германовна","Лаврентьева",0,13019),
  (13623,"Grozuru","7EB29Bc7BC6bE4aF89e5Daa4c9be3eE1","Иосиф","Измаилович","Карапетян",1,13033),
  (13624,"Tauzshura","29dfd28Fd05dD7DC5d39f0BdACcaeaA0","Михаил","Георгиевич","Смирнитский",0,13034),
  (13625,"Ghobandis","BDE4dfaB97cFEA0a7accf710fE2DeA66","Лада","Игоревна","Бобра",0,13022),
  (13626,"Yozshushakar","2cDd0ae7E7Fd0dEf9CCdeFd00fFbeABF","Дарья","Владиленовна","Ромазанова",0,13023),
  (13627,"Murim","75eDcBd9B67c536dDC6CFC1Fc9d9cBe2","Артём","Ерофеевич","Шипеев",0,13020),
  (13628,"Akigar","9A3BAABb6FfCbCdFC48B97ECae9029cE","Лев","Гордеевич","Боголюбов",0,13016),
  (13629,"Gogal","1DEeec9c9aA3f9Da4f7BFaffD7F57f13","Руслан","Капитонович","Собчак",0,13015),
  (13630,"Beazelsa","18ceA88C5EaEf0FEB15ab65bFEa3c3c1","Татьяна","Глебовна","Грефа",0,13023),
  (13631,"Malallador","0B3a333c1BDbeC9E23a42f6560E53EEc","﻿Агата","Николаевна","Тянникова",0,13024),
  (13632,"Muath","769Bdd1D2Bcc8d65FcB777aBeFc1CC26","Олег","Всеволодович","Пивоваров",0,13000),
  (13633,"Dashura","8EC8853fD9dA3859dF1d5AaB58b9ef54","Наталья","Потаповна","Алимкина",0,13017),
  (13634,"Burilen","a3a424B43B172b8EA979ad051D148f7f","Мирослав","Евгениевич","Яйцов",0,13023),
  (13635,"Kazilabar","2c3bd9db01D2fe2BCcB067EF78d9f26B","Константин","Сигизмундович","Яковец",0,13014),
  (13636,"Cerekelv","9d9CE78FA974C1F7f258aAbfCD8a02d9","Яна","Семеновна","Глускина",0,13035),
  (13637,"Gavinrabor","AeDCf9b39f7c2Cc8e9CEFf0AFBaCa383","Клавдий","Ростиславович","Расторгуев",1,13011),
  (13638,"Nilalas","EB7F73E8bAd6C2C6495f54E6C8c9d43D","Никон","Прокофиевич","Шубин",0,13039),
  (13639,"Adorne","fCf1Fb9d92BfaaCfcc35AfdF737b2253","Ярослав","Алексеевич","Кац",0,13015),
  (13640,"Araswyn","D7e4C0edd32EeDaf8F4d7bCEE705927B","Георгий","Ираклиевич","Ягунов",1,13012),
  (13641,"Ironcrusher","f2e18d0dbAAD34Baac603eedf4A9c0F1","Алиса","Давидовна","Андреюшкина",0,13016),
  (13642,"Whiteseeker","2e0FAC6FA56fD0DAcbD720db52cdE90D","Игорь","Евграфович","Карандасов",0,13040),
  (13643,"Anaginn","FB0C09ffd27C3CC3D6D2a6a0D5a9fa21","Ирина","Владленовна","Арнаутова",0,13018),
  (13644,"Thorgardin","d8EdD04EE2A9D4f1D2BdBb059DBa9bA7","Евграф","Всеволодович","Попырин",0,13024),
  (13645,"Bandinis","f9baC9eBEB9DF5dbBcEe706a6bfCA50e","Владислава","Святославовна","Квартина",0,13005),
  (13646,"Alsalar","eA55bEFB19Fa1E149AaE4bfBB3CaDcEE","Алиса","Данииловна","Щукина",0,13033),
  (13647,"Mazugul","4Bcc1bF27cBCFbCb0D1545060d9b8f7e","Николай","Самсонович","Весовой",0,13028),
  (13648,"Gavinralas","583CD733B2cCdeCCCfAd6eF4014cdCFd","Светлана","Степановна","Юрлова",0,13004),
  (13649,"Kelelsa","3f8786128dbC3Abdd2cC5c72CcbffA29","Мария","Данилевна","Илюшина",0,13013),
  (13650,"JoJolabar","AaD2be03D5ED7b8B8cf2a7F63253AC62","Каролина","Несторовна","Рошета",0,13030),
  (13651,"Kajitaxe","Eb09136beBAFF590f2f0Df311f0ccE3E","Екатерина","Вячеславовна","Крылова",0,13005),
  (13652,"Anawield","DDdDaA1b9b6D3D0bDEf07A3eC7bEdBaf","Александр","Ипполитович","Ярков",1,13004),
  (13653,"Ceredi","AEbDfbA8Df7d6e23fdD309eC971fB2dE","Оксана","Олеговна","Крюкова",0,13021),
  (13654,"Virr","00276cebAC3faC5e73785EfD44785638","Елена","Юлиевна","Кадцына",0,13005),
  (13655,"Beadar","aF7aBBAECb95edfb2f44F89BB30BCD20","Кристина","Тихоновна","Шуршалина",0,13014),
  (13656,"Oghmabandis","AAf5DdEDd675602e1F4856b45ab8FC1e","Светлана","Борисовна","Яблочкина",0,13021),
  (13657,"Kelenadar","1cEF7bA33f815Ed23928b2DFD1fB5FEf","Наум","Леонович","Овсов",0,13018),
  (13658,"Ba","daCAf43d38A58d4C32BA2e10b6dC8EAa","Чеслав","Леонович","Мамонов",0,13035),
  (13659,"Bladeworker","54Ee4F4C7Ace5bFbE8aF7CbDc4fE1F27","Игорь","Трофимович","Зиновьев",0,13013),
  (13660,"Modidwyn","e04fd5bEBd73edE0Cc164f2AC6EacfEF","Виктория","Геннадиевна","Шульдешова",0,13036),
  (13661,"Zulujinn","C12bfeE7E5B26AcfdFDBC526BA8Be769","Надежда","Иларионовна","Жжёнова",0,13006),
  (13662,"Bladeskin","7081adaB37CDEbFF661FA3B81d2bFFf8","Юлия","Ильевна","Белочкина",1,13001),
  (13663,"Shadowwind","db03b837CeaE3DeCdBD3aFc4cB310c64","Сергей","Яковович","Зырянов",0,13011),
  (13664,"Stardragon","f36c7a44bE7755ED07750F158b1299d6","Владислав","Гаврилевич","Константинов",0,13018),
  (13665,"Auhelm","4cb6387eEF1Efd4de233da91AfBa67eA","Руслан","Всеволодович","Григолюк",0,13007),
  (13666,"Bralanim","9eB7B8Ef84BDdccC4FCcdE3A7dC12Ef3","Николай","Семенович","Циглер",1,13005),
  (13667,"Maris","cFAE1e2fEc5143dbCbaCf7A26Cdda00C","Евгения","Антониновна","Кривкова",0,13039),
  (13668,"Merg","87affaBb9c1459018187A913cbCc6BE2","Екатерина","Тимофеевна","Швецова",0,13005),
  (13669,"Faular","5fAaD2cc562939Af91E3c49EBD9cF1cF","Инга","Игнатиевна","Лаврова",0,13034),
  (13670,"Dagdalas","1eceb8fdda7e12AcaEab0280cf11BcF1","Алиса","Юлиевна","Автухова",0,13030),
  (13671,"Vorn","62bF55cbe0c5FcA1CbA2B7bD680A63fA","Рената","Мефодиевна","Зайцева",0,13013),
  (13672,"Kegami","cdfEE7f3aDDc2bcb837e0Db50eDDA579","Александра","Федотовна","Тесла",0,13010),
  (13673,"Fausida","12f7Bf3Bb7d3bB6B6CAd18f07D54c173","Злата","Петровна","Бобрикова",0,13017),
  (13674,"Nameena","21a52849edcEc2c225A49FacEDEa069d","Матвей","Самуилович","Шишкин",0,13014),
  (13675,"Buzius","CDb4eDc87fC45f759C04cbAE0FC940ad","Оксана","Трофимовна","Базарова",0,13016),
  (13676,"Maladred","F6462058F83dfEB1CbEF16FB117bC85f","Анна","Емельяновна","Зефирова",0,13038),
  (13677,"Analore","836181E320aF5aD3153f3dceeeB5d7fa","Варвара","Феликсовна","Кручинкина",0,13040);

INSERT INTO `contacts_type` (`id`,`name`,`regexp`) VALUES
  (13000,"mobile-phone","\\d{3}-\\d{3}-\\d{4}"),
  (13001,"home-phone","\\d{2}-\\d{2}-\\d{2}"),
  (13002,"work-phone","\\d{2}-\\d{2}-\\d{2}"),
  (13003,"mail",".+@.{2,}\\..{2,}"),
  (13004,"address",".+");

INSERT INTO `contact` (`id`,`name`,`user_id`,`type_id`) VALUES
  (13000,"lumuteok",13317,13000),
  (13001,"tededecuja",13265,13004),
  (13002,"zapojemujeroqu",13079,13002),
  (13003,"quluerlora",13416,13000),
  (13004,"poto",13564,13003),
  (13005,"jelaqu",13267,13000),
  (13006,"axkoteweaxlo",13517,13000),
  (13007,"bezapo",13207,13002),
  (13008,"lube",13430,13000),
  (13009,"kaweeu",13604,13001),
  (13010,"dukadeniaxto",13612,13000),
  (13011,"kotoeuax",13598,13004),
  (13012,"xedeteod",13100,13003),
  (13013,"odax",13369,13000),
  (13014,"muniodkibeza",13176,13001),
  (13015,"pobeeikobe",13249,13000),
  (13016,"bakila",13396,13002),
  (13017,"hoki",13106,13004),
  (13018,"komiweokcuro",13258,13004),
  (13019,"xebequaxei",13067,13000),
  (13020,"jaeu",13171,13004),
  (13021,"okmuqurahaluei",13126,13004),
  (13022,"lolulabenije",13341,13000),
  (13023,"lucuza",13137,13002),
  (13024,"mumibahoodnier",13123,13003),
  (13025,"toodeitonila",13659,13003),
  (13026,"luza",13038,13000),
  (13027,"jekarabehoxu",13604,13002),
  (13028,"muxede",13295,13004),
  (13029,"weka",13344,13003),
  (13030,"loqujawene",13438,13000),
  (13031,"ramierxurajalo",13300,13002),
  (13032,"muhalu",13563,13002),
  (13033,"hajaodba",13604,13000),
  (13034,"jeloro",13279,13000),
  (13035,"jeloki",13324,13004),
  (13036,"poluquxu",13286,13002),
  (13037,"kinetemunije",13458,13004),
  (13038,"kahahojedu",13468,13001),
  (13039,"xuraeuneko",13541,13002),
  (13040,"mika",13307,13004),
  (13041,"netohorakowe",13401,13002),
  (13042,"roqubapo",13588,13003),
  (13043,"jeki",13460,13002),
  (13044,"duraxeni",13072,13002),
  (13045,"quzaka",13173,13001),
  (13046,"razaeu",13634,13004),
  (13047,"duzapo",13576,13000),
  (13048,"jabanecu",13423,13001),
  (13049,"quka",13093,13003),
  (13050,"kibatekara",13288,13004),
  (13051,"jebenelu",13178,13000),
  (13052,"raloax",13038,13002),
  (13053,"honeeuerer",13242,13004),
  (13054,"qunitoniqumi",13171,13004),
  (13055,"baeihapode",13327,13003),
  (13056,"miniaxterabe",13445,13000),
  (13057,"lamixujebeeuro",13531,13001),
  (13058,"hoei",13221,13000),
  (13059,"neaxtoraeudumi",13060,13002),
  (13060,"deroodmiwe",13633,13003),
  (13061,"katokabejalo",13492,13002),
  (13062,"xunelahahaki",13608,13004),
  (13063,"pokixutemubexe",13559,13002),
  (13064,"nedekokaquki",13342,13001),
  (13065,"eipobecurolo",13317,13001),
  (13066,"eixe",13605,13001),
  (13067,"nirawela",13283,13002),
  (13068,"erxuluzakokide",13414,13002),
  (13069,"euxuaxzakoeuer",13276,13004),
  (13070,"kidenelu",13365,13002),
  (13071,"jaloxeje",13161,13001),
  (13072,"dubahate",13188,13002),
  (13073,"xerakapoka",13136,13003),
  (13074,"milanehotecuka",13097,13001),
  (13075,"nilu",13455,13004),
  (13076,"cueura",13621,13003),
  (13077,"jedukoteeuzaki",13666,13004),
  (13078,"raluodhaxuxede",13096,13003),
  (13079,"axramulu",13543,13003),
  (13080,"beaxpobero",13050,13003),
  (13081,"hajeodraweodko",13019,13002),
  (13082,"weponipozaroka",13203,13000),
  (13083,"lutote",13337,13000),
  (13084,"nioklueulobelu",13335,13003),
  (13085,"xucunelo",13261,13001),
  (13086,"beramulacu",13544,13000),
  (13087,"xuderakiquto",13566,13003),
  (13088,"odra",13186,13001),
  (13089,"xumieiteoklu",13334,13001),
  (13090,"jeododbetehomu",13158,13001),
  (13091,"lujane",13101,13003),
  (13092,"lularobahaxura",13064,13001),
  (13093,"quho",13324,13003),
  (13094,"mulalu",13561,13003),
  (13095,"kibaki",13329,13004),
  (13096,"kaka",13591,13000),
  (13097,"midudumukiokto",13107,13002),
  (13098,"queiralu",13106,13000),
  (13099,"laharokowe",13120,13002),
  (13100,"neduodwecumi",13640,13002),
  (13101,"cucu",13474,13003),
  (13102,"kahaxumiraxene",13357,13002),
  (13103,"looknebero",13036,13003),
  (13104,"erbaroodba",13145,13003),
  (13105,"toeraxok",13274,13000),
  (13106,"xuhaok",13432,13002),
  (13107,"duokmucuko",13250,13004),
  (13108,"xezaloluxelaro",13489,13003),
  (13109,"niko",13328,13004),
  (13110,"hamueu",13575,13001),
  (13111,"zaei",13068,13002),
  (13112,"cuneeuroxuodza",13271,13002),
  (13113,"balo",13652,13003),
  (13114,"rolaaxroxelaok",13347,13003),
  (13115,"jakobadu",13173,13000),
  (13116,"xeki",13145,13004),
  (13117,"mibaje",13568,13004),
  (13118,"okroka",13368,13004),
  (13119,"koladucumijemi",13516,13004);

INSERT INTO `projects_category` (`id`,`name`,`parent_id`) VALUES
  (13000,"lobako",NULL),
  (13001,"axluaxka",13000),
  (13002,"koqunelood",13000),
  (13003,"labeodtedu",NULL),
  (13004,"eumuxuhode",NULL),
  (13005,"raluro",NULL),
  (13006,"zakoodbero",NULL),
  (13007,"miponekook",NULL),
  (13008,"bapotokoha",13001),
  (13009,"tejacu",NULL),
  (13010,"rato",NULL),
  (13011,"nierho",13001),
  (13012,"nilulaodwezaer",13006),
  (13013,"haeinezami",NULL),
  (13014,"miduduok",NULL),
  (13015,"xuki",NULL),
  (13016,"raxukaokra",13008),
  (13017,"baodhoquho",13000),
  (13018,"ralaod",13000),
  (13019,"luloodte",NULL);

INSERT INTO `project` (`id`,`name`,`description`,`category_id`,`manager_id`) VALUES
  (13000,"rolaodja","Ходить с миллиардами долларов на тех, кто прослыл победителем но. Люди понимают, что в они справляются со своими задачами, и ещё. Чтобы инвестировать её последствия стороны, это не более того.  ",13015,13021),
  (13001,"polu","Никогда не равняйтесь на своём пути, не показатель. Неужели его жизнь ничему бы нас не так и ещё долгое время. Совершать ошибки в бизнесе, потому что жизнь. Лежала печать их карьера и живыми, а не научила.в бизнесе как.  ",13017,13571),
  (13002,"haduwe","Плодов, чем дольше вы усвоите урок и сплетнями, прежде чем дольше. Легкомысленны, но всегда делаем то, что вы ни одной стороны. Страдала их карьера вести себя по карьерной лестнице. Того, как хорошие, так и семьи лежала.  ",13018,13015),
  (13003,"eito","Риск, дать людям шанс подняться. Сотрудников, и плохие новости не совершите ни. Ходить с двадцатью долларами под подушкой прослыл победителем, но многие бизнесмены ошибочно. Другу, но всегда готовы пойти. Главное заключается в следующий проект чтобы.  ",13007,13097),
  (13004,"wenebakozaba","Этим правилам я следую в этой жизни, смогли ли мы всегда готовы. Стать бизнесменом обнародуются перед публикой слово. Работать честно, благородно вести себя по. Многих талантливых и заслуживающих доверия бизнесменов.  ",13015,13145),
  (13005,"jabaculuxutero","То, что проповедуем хорошо и плохие новости не обрастают домыслами. Своего успеха секрет однако благодаря нашей открытости средствам массовой информации. Хотите, чтобы делать что-то хорошее отношению к чему хорошему, а предпринимательская жилка.  ",13010,13266),
  (13006,"odrakiralute","Нашей открытости средствам массовой информации плохие. Нужна для нас настоящими героями людям шанс подняться по карьерной лестнице чтобы. Опущенной головой благородно вести себя по карьерной. Он умер там, неужели его жизнь других людей к конкурентам но.  ",13006,13587),
  (13007,"odpo","Успешные люди понимают, что учиться искусству. Другу, но в китае больше, чем, к мудрости людей сделавших. Создали ли мы всегда делаем то, что проповедуем. Извлекать из них уроки дух, попробуйте стать бизнесменом никого не.  ",13003,13132),
  (13008,"xerakijenidu","Много добра на банковском счету или мало. Так и сплетнями, прежде чем. Их карьера они справляются со своими. Под подушкой миллиардами долларов на риск. Корпоративная культура приносит тем больше плодов.  ",13004,13360),
  (13009,"mila","Многие бизнесмены ошибочно полагают, что наша компания знает, как справиться. Потому, что в китае больше, чем, к мудрости. Умершие в великобритании закрепиться за китае больше, чем. Зато в жизни в итоге люди будут сыпаться упрёки.  ",13003,13629),
  (13010,"okneloko","Отношению к слову сказать, в первую очередь, вы заработали много добра на. Неотъемлемой частью жизни в первую очередь, вы должны наладить. Даёт повод честным журналистам освещать как они справляются. Этим правилам я встречал многих талантливых и актёры, умершие в этой стране.  ",13019,13616),
  (13011,"rarazateracu","Следую в вашу неудачу или. Бывает так, что наша компания знает, как и не. Следую в китае больше, чем. Которые, например, находили время для. Мудрости людей, которые, например, находили время после.  ",13006,13288),
  (13012,"horowejapo","Проблему, зато в тюрьме имидж неудачника они справляются со своими задачами. Актёры, умершие в китае больше, чем. Помнят плохое, и делают из них подходящее место сплетнями прежде. – даёт повод честным журналистам освещать как вы в бедности часто.  ",13006,13515),
  (13013,"muraha","Интересует, будете вы умирать с проблемами, и пойдёте дальше, люди никогда. Конкурентам, но всегда готовы пойти. Создали ли мы ищем людей. Для них подходящее место хотите, чтобы делать что-то. Бизнесе, потому что вы заработали много денег например.  ",13016,13326),
  (13014,"laha","Ошибок, от чего страдала их прошлых ошибок от. Свои обещания, держать своё слово, работать честно, благородно вести себя. Слову сказать, в бедности, часто становятся для нас не интересует, будете вы.  ",13013,13548),
  (13015,"neneralajeeu","Изменить жизнь была активной и изворотливости, которые подмочат вашу. Сделавших много добра на которых лежала печать их карьера от. Чему не так и пойдёте дальше люди. Бизнесмены ошибочно полагают, что вы хотите быть предпринимателем и готова.  ",13010,13463),
  (13016,"pohakaqunilaer","Прибыль нужна для них уроки наш позитивный образ, с миллиардами долларов на. Создания собственного бизнеса карьерной лестнице, чтобы делать что-то хорошее кто прослыл победителем. Чему хорошему, а только закрепит за надолго.  ",13000,13647),
  (13017,"milaaxlokaro","Действительно, торговля и захватывающей дух, попробуйте стать бизнесменом по отношению. Своём пути, не приведёт ни в тюрьме хорошие, так и сплетнями прежде. Тем больше плодов, чем обнародуются перед публикой своё.  ",13001,13451),
  (13018,"loeiko","Будут сыпаться упрёки, которые подмочат вашу репутацию репутация может надолго закрепиться. Прослыл победителем, но в первую очередь, вы усвоите. Часто становятся неотъемлемой частью жизни в урок. – даёт повод честным журналистам освещать как они справляются со.  ",13004,13504),
  (13019,"teeuokpoweaxmu","Дольше вы должны наладить связи с опущенной головой. Искусству совершать ошибки на тех, кто прослыл победителем, но многие бизнесмены. Тяжёлый труд своих сотрудников, и изворотливости которые. Испорченная однажды репутация может надолго.  ",13006,13315),
  (13020,"rakalumu","Приведёт ни чему хорошему, а предпринимательская жилка ценится. Справляются со своими задачами, и довольны положением дел легкомысленны, но в бизнесе. Конкурентам, но всегда готовы пойти на своём. Нас настоящими героями слово, работать честно, благородно вести себя по.  ",13007,13386),
  (13021,"xerabeokteki","Ищем людей живут хорошо и ещё. Многих талантливых и готова рисковать за. Довольны положением дел конечно же, ни. Культура приносит тем больше плодов, чем обнародуются перед. Жизни, самое главное заключается.  ",13012,13510),
  (13022,"hatequla","Заключается в следующий проект, чтобы оплачивать счета, вернуть деньги инвесторам. Хорошему, а если вашей жизни в этой стране. Вести себя по отношению. Чему не показатель достижений вашей компании боком сплетнями, прежде чем дольше.  ",13017,13135),
  (13023,"deroernenemini","Сотрудников, и заслуживающих доверия бизнесменов на. Предприниматели, учёные и ещё долгое время. Утверждения не так и актёры, умершие. Наладить связи с одной ошибки в вашу. Можете выполнять все ваши ошибки в великобритании задачами.  ",13016,13586),
  (13024,"minenepowebe","Людям шанс подняться по карьерной лестнице, чтобы увидеть как. Инвестировать её последствия будете вы изменить. Образ, с двадцатью долларами под подушкой всё равно будут. Создания собственного бизнеса извлекать из них подходящее место ли что-то особенное.  ",13006,13169),
  (13025,"harocuaxbehoqu","Положением дел мой друг мадиба провёл двадцать семь. Противоречат друг другу, но всегда делаем то, что вы должны наладить. Конечно же, ни в итоге. Там, неужели его жизнь лучших людей.  ",13006,13225),
  (13026,"axaxxumu","Больше, чем, к чему хорошему, а только закрепит за. Подмочат вашу репутацию чем дольше вы хотите. Свою репутацию коем случае нельзя. Журналистам освещать как и заслуживающих доверия бизнесменов на. Первую очередь, вы умирать с опущенной головой научила.в бизнесе.  ",13001,13500),
  (13027,"niho","Эти два утверждения не интересует будете. Однако благодаря нашей открытости средствам массовой информации, плохие новости не. Лицемерия и плохие новости не отрицает: люди чаще помнят плохое. Всё равно что проповедуем позитивный образ, с другой.  ",13003,13028),
  (13028,"rajabeje","Слову сказать, в вашу неудачу или с миллиардами. На которых лежала печать их прошлых ошибок. Конечно, никто не научила.в бизнесе, за вами имидж неудачника чего страдала их. Ценится в тюрьме вам все.  ",13001,13413),
  (13029,"erlujatohocude","Тем больше плодов, чем дольше вы усвоите урок и изворотливости. Будете вы можете выполнять все свои обещания, держать своё слово. Нашей открытости средствам массовой информации, плохие новости не делают из своего успеха.  ",13007,13450),
  (13030,"rolopoluxube","Одной ошибки в бизнесе миллиардами долларов на которых лежала печать. Легкомысленны, но в тюрьме хорошо и испорченная однажды репутация может. Бизнесменов, на риск, дать людям шанс подняться. Репутация может надолго закрепиться за вами в бизнесе как.  ",13000,13269),
  (13031,"dejeloerod","Руководствуйтесь благородными побуждениями живут хорошо и извлекать из своего успеха секрет чаще. Никогда не научила.в бизнесе, за тем больше плодов. Неудачу или мало чего достигнете самое главное заключается. Торговля и живыми, а если вы должны.  ",13015,13067),
  (13032,"kaodkoax","Одной ошибки в китае больше, чем, к конкурентам, но в жизни. Показатель достижений вашей жизни в честным журналистам освещать как хорошие. Лет в первую очередь, вы должны наладить связи.  ",13007,13318),
  (13033,"cuaxcu","Совершать ошибки на риск, дать людям шанс подняться. Решить эту проблему, зато в первую очередь, вы должны наладить связи. По карьерной лестнице, чтобы инвестировать её последствия умершие. Утверждения не научила.в бизнесе, как вы изменить жизнь лучших людей, которые прожили.  ",13008,13436),
  (13034,"nibeok","Вспоминать вашу репутацию честно, благородно вести. Справляются со своими задачами, и заслуживающих доверия. Закрепит за вами имидж неудачника учиться искусству совершать ошибки на которых. Полагают, что вы можете выполнять все ваши ошибки и довольны положением дел.  ",13017,13574),
  (13035,"jenieixeneja","Эти два утверждения не так и актёры, умершие в следующий проект чтобы. Вознаградить тяжёлый труд своих сотрудников. Другу, но многие бизнесмены ошибочно полагают, что вы. Предприниматели, учёные и довольны положением дел лет в китае больше, чем.  ",13000,13190),
  (13036,"porohadu","Итоге люди будут сыпаться упрёки, которые прожили богатую жизнь, – даёт повод. Интересными и актёры, умершие в тюрьме уменьшить её последствия двадцать. Мало чего достигнете журналистам освещать как хорошие. Упрёки, которые подмочат вашу неудачу или с одной стороны, это его жизнь.  ",13001,13160),
  (13037,"ranebaxecura","Людям шанс подняться по карьерной лестнице чтобы. Дух, попробуйте стать бизнесменом искусству создания собственного бизнеса наших. Дух, попробуйте стать бизнесменом хорошему, а только закрепит за вами имидж. Уменьшить её в наших силах уменьшить её последствия.  ",13013,13369),
  (13038,"rarorarabelawe","Журналистам освещать как вы заработали много добра на своём пути, наверное вы. Честно, благородно вести себя по карьерной лестнице, чтобы ваша жизнь лучших. Хорошо и актёры, умершие в наших. Долларами под подушкой вознаградить тяжёлый труд своих сотрудников.  ",13014,13648),
  (13039,"duokodte","Долларами под подушкой них уроки мы. Потому что учиться искусству совершать ошибки и извлекать. Учиться искусству совершать ошибки. Делаем то, что вы ни чему хорошему. Мой друг мадиба провёл двадцать семь лет в бизнесе становятся.  ",13001,13317),
  (13040,"mieikalaloba","Хорошие, так и заслуживающих доверия бизнесменов, на банковском. Важно, создали ли что-то хорошее держать своё. Если своих сотрудников, и плохие новости не противоречат друг другу. Что-то хорошее становятся для нас настоящими героями инвестировать её.  ",13007,13522),
  (13041,"ramueiraxunelu","Дальше, люди понимают, что вы изменить жизнь лучших людей. Главное заключается в итоге люди чаще помнят плохое, и живыми. Из своего успеха секрет мы вовсе. Очередь, вы должны наладить связи с интересными.  ",13016,13594),
  (13042,"okte","Я встречал многих талантливых. Своё слово, работать честно, благородно вести. Чего достигнете вашу сторону всё. Наверное, вы умирать с интересными и актёры, умершие. Упрёки, которые подмочат вашу неудачу или ошибку хотите.  ",13006,13521),
  (13043,"jemuzate","Прислушивайтесь к слову сказать, в китае больше, чем, к слову сказать. Люди понимают, что вы должны наладить. Дать людям шанс подняться по карьерной лестнице, чтобы увидеть, как они. Предпринимателем и готова рисковать друзей и найти для друзей и заслуживающих доверия.  ",13016,13558),
  (13044,"beaxjeho","Утверждения не научитесь искусству совершать ошибки на своём пути, наверное, вы заработали. Способ решить эту проблему, зато в коем случае нельзя. Всегда делаем то, что вы изменить жизнь лучших. Всё равно будут сыпаться упрёки, которые прожили.  ",13007,13253),
  (13045,"nekora","Вашу неудачу или мало чего страдала. Связи с другой – тех людей, сделавших много денег двадцать. Нашей открытости средствам массовой информации. Пойдёте дальше, люди никогда не безукоризненными резюме действительно. Хорошо и вознаградить тяжёлый труд своих сотрудников.  ",13016,13002),
  (13046,"eijejaraok","Плодов, чем дольше вы можете выполнять все свои обещания держать. Двадцатью долларами под подушкой упрёки. Печать их карьера большинство людей живут хорошо и довольны положением. Конечно же, ни в китае больше, чем, к лучшему неудачу или ошибку.  ",13002,13530),
  (13047,"baqurahaoddu","Компания знает, как они справляются. Встречал многих талантливых и изворотливости, которые непременно выйдут вашей жизни в жизни. Обрастают домыслами и не всегда. Ещё долгое время после того, чтобы делать что-то особенное.  ",13002,13220),
  (13048,"razaramiercu","Держать своё слово, работать честно, благородно вести себя по. Обнародуются перед публикой умер там. Береги свою репутацию дальше, люди чаще. Все свои обещания, держать своё слово, работать честно, благородно вести.  ",13016,13350),
  (13049,"euralokije","Плохие новости не приведёт ни одной стороны. Можете выполнять все свои обещания, держать своё слово, работать честно благородно. Стороны, это укрепляет наш позитивный образ, с интересными и вознаградить тяжёлый труд.  ",13018,13467),
  (13050,"xumuralote","Конечно же, ни к лучшему противоречат. Извлекать из них уроки показатель достижений вашей компании боком. Лицемерия и заслуживающих доверия бизнесменов, на своём пути не. Испорченная однажды репутация может надолго закрепиться за жизнь была активной и конечно.  ",13016,13430),
  (13051,"mijazamu","Хотите, чтобы делать что-то особенное в бизнесе. Культура приносит тем больше плодов, чем обнародуются перед публикой увидеть как. Хорошо и ещё долгое время для нас настоящими героями. Хорошему, а только закрепит за вами.  ",13001,13091),
  (13052,"oknikipololu","Шанс подняться по карьерной лестнице, чтобы оплачивать счета, вернуть деньги инвесторам. Мы найдём способ решить эту проблему, зато в заканчивается счастливо только. Ходить с проблемами, и найти для нас. Я следую в бизнесе, как вы в тюрьме чем.  ",13004,13155),
  (13053,"nepoodbapolomi","А не так и коммерция снова становятся неотъемлемой частью жизни. Держать своё слово, работать честно, благородно вести себя. Умирать с интересными и коммерция снова становятся для них уроки богатую.  ",13003,13521),
  (13054,"odnixujaxuja","Мы вовсе не безукоризненными резюме следую в следующий проект чтобы. Доверия бизнесменов, на своём пути не. Сплетнями, прежде чем дольше вы хотите быть предпринимателем и вознаградить тяжёлый. Компании боком мудрости людей, которые, например, находили время.  ",13015,13434),
  (13055,"kiraeura","Жизни, смогли ли мы найдём способ решить эту проблему, зато. Попробуйте стать бизнесменом людей живут. Предпринимателем и семьи свои обещания. Готова рисковать страдала их карьера кто. Способ решить эту проблему, зато в благородно вести себя по отношению.  ",13004,13222),
  (13056,"tolaraodhoerte","Он умер там, неужели его жизнь лучших людей, которые например. В следующий проект, чтобы оплачивать счета, вернуть деньги. Информации, плохие новости не так и плохие новости не. Кто прослыл победителем, но многие бизнесмены.  ",13003,13361),
  (13057,"eiba","Которых лежала печать их прошлых ошибок, от чего страдала их карьера стороны. Может надолго закрепиться за вами в наших силах уменьшить. Готова рисковать новости не так и вознаградить тяжёлый труд своих сотрудников.  ",13005,13528),
  (13058,"bamueu","Дать людям шанс подняться по карьерной лестнице, чтобы ваша жизнь лучших людей. Других людей к лучшему самое главное заключается в одной стороны это. Которые, например, находили время после того, как.  ",13014,13157),
  (13059,"cuerkiok","Себя по отношению к конкурентам но. Достижений вашей компании боком снова становятся неотъемлемой частью жизни. Проблему, зато в итоге люди никогда. Проект, чтобы делать что-то хорошее друзей и захватывающей. Обрастают домыслами и пойдёте дальше, люди будут сыпаться упрёки.  ",13003,13453),
  (13060,"kidukikoqu","Никогда не совершите ни к мудрости людей, сделавших много добра на. Пойдёте дальше, люди понимают, что в наших силах уменьшить её. Ценится в жизни в великобритании. Урок и испорченная однажды репутация может надолго закрепиться за что-то особенное.  ",13019,13277),
  (13061,"nerawexe","Никогда не делают из них. Нас настоящими героями в бедности часто. Которых лежала печать их прошлых ошибок, от чего достигнете. Торговля и конечно же, ни одной. Риск, дать людям шанс подняться по карьерной лестнице чтобы.  ",13007,13400),
  (13062,"zaer","Никого не противоречат друг мадиба провёл двадцать семь. Усвоите урок и найти для того, чтобы ваша жизнь. Была активной и живыми, а не всегда делаем то, что жизнь была. К чему не интересует, будете вы в коем случае.  ",13019,13145),
  (13063,"errakiaxbaniho","Ничему бы нас настоящими героями. Победителем, но всегда готовы пойти на банковском счету или. Ничему бы он умер там, неужели его жизнь была активной. Эту проблему, зато в следующий проект, чтобы оплачивать.  ",13012,13398),
  (13064,"xuhoerra","Интересными и вознаградить тяжёлый труд своих. Дать людям шанс подняться по отношению. Слову сказать, в бедности, часто становятся. Ценится в следующий проект, чтобы инвестировать её. Торговля и вознаградить тяжёлый труд своих сотрудников, и изворотливости.  ",13017,13129),
  (13065,"ercuxu","Людей, которые прожили богатую жизнь, – даёт повод. Чем, к слову сказать, в итоге люди никогда не. Смогли ли что-то особенное в первую. Будут вспоминать вашу сторону всё равно будут вспоминать вашу неудачу или.  ",13007,13502),
  (13066,"loqu","Задачами, и плохие новости не легкомысленны но. Людей, которые, например, находили время для друзей и найти для. Увидеть, как они справляются со. Её в наших силах уменьшить. Люди будут вспоминать вашу неудачу.  ",13016,13140),
  (13067,"duraermuer","Научила.в бизнесе, потому что это не равняйтесь. Инвестировать её последствия семь лет. Конечно, никто не обрастают домыслами и с общественностью обнародуются перед публикой. Первую очередь, вы усвоите урок и захватывающей дух попробуйте.  ",13002,13386),
  (13068,"xexeweza","Сыпаться упрёки, которые прожили богатую жизнь. Урок и изворотливости, которые прожили богатую жизнь. Случае нельзя ходить с двадцатью. Сплетнями, прежде чем обнародуются перед публикой что-то хорошее никого не легкомысленны но.  ",13001,13293),
  (13069,"raodlo","Ещё долгое время для нас настоящими героями однажды репутация может. Своём пути, наверное, вы можете выполнять. Первую очередь, вы усвоите урок. Становятся для них уроки положением дел вы изменить жизнь ничему.  ",13003,13077),
  (13070,"toodzaeierki","Более того держать своё слово, работать честно, благородно вести себя. Лежала печать их карьера полагают, что наша компания знает. Надолго закрепиться за была активной и коммерция. Чего страдала их карьера следую в бизнесе следующий.  ",13003,13004),
  (13071,"odxemieide","Понимают, что вы изменить жизнь ничему бы он умер там неужели. Своих сотрудников, и извлекать из своего успеха секрет. Была активной и конечно же, ни одной. Выполнять все свои обещания, держать своё слово, работать честно, благородно вести себя.  ",13015,13649),
  (13072,"mumubewexelo","Же, ни в бизнесе, как хорошие, так и не. Честным журналистам освещать как они справляются со своими задачами, и не так. Ходить с одной ошибки на банковском счету или мало.  ",13011,13453),
  (13073,"kakije","Снова становятся для друзей и сплетнями, прежде чем дольше вы. Предприниматели, учёные и захватывающей дух, попробуйте стать бизнесменом мой друг мадиба. Руководствуйтесь благородными побуждениями нельзя ходить с одной. Особенное в коем случае нельзя ходить с проблемами.  ",13000,13288),
  (13074,"axto","Чаще помнят плохое, и испорченная. Стороны, это больше плодов, чем обнародуются перед. Людей, которые непременно выйдут вашей жизни. Найти для нас не более того плодов чем. Становятся неотъемлемой частью жизни в вашу сторону всё равно.  ",13008,13246),
  (13075,"xehoeixeratopo","Способ решить эту проблему, зато в первую очередь. Банковском счету или с общественностью стороны это. Того, чтобы оплачивать счета, вернуть деньги инвесторам и заслуживающих доверия бизнесменов на. Образ, с общественностью заработали много добра на тех кто.  ",13005,13225),
  (13076,"cuto","Шанс подняться по отношению к слову сказать. Потому, что это укрепляет наш. Закрепиться за вами имидж неудачника хорошо и живыми. Под подушкой встречал многих талантливых и найти для них уроки конечно же.  ",13006,13060),
  (13077,"lalu","Свою репутацию по отношению к мудрости людей, которые, например, находили время после. Коммерция снова становятся неотъемлемой частью жизни в ни чему. Там, неужели его жизнь лучших людей. Выйдут вашей компании боком потому, что вы в бизнесе, потому что.  ",13004,13053),
  (13078,"lajararatoeuax","Задачами, и извлекать из них уроки массовой информации. Делать что-то хорошее была активной и пойдёте дальше, люди будут. Бойся ошибаться. связи с проблемами. Важно, создали ли вы должны наладить связи.  ",13017,13612),
  (13079,"kaje","Добра на которых лежала печать их прошлых. Свою репутацию силах уменьшить её в опущенной головой создания собственного бизнеса. Достижений вашей жизни в вашу сторону. Инвесторам и вознаградить тяжёлый труд своих.  ",13003,13240),
  (13080,"teok","Журналистам освещать как они справляются со своими задачами, и пойдёте дальше люди. Выйдут вашей компании боком более того счета вернуть. Информации, плохие новости не противоречат друг мадиба. Справиться с одной стороны это.  ",13006,13126),
  (13081,"roradueuax","Изменить жизнь лучших людей, которые непременно выйдут вашей жизни в бизнесе. Пути, наверное, вы должны наладить связи с интересными. Другой – даёт повод честным журналистам освещать как они справляются со своими.  ",13010,13441),
  (13082,"hotelolujeraxe","Проблему, зато в достижений вашей компании. Умершие в тюрьме заслуживающих доверия бизнесменов, на своём пути, наверное, вы можете. Эту проблему, зато в китае больше чем. Массовой информации, плохие новости не научитесь искусству совершать ошибки на тех.  ",13018,13187),
  (13083,"jehaniodra","Свои обещания, держать своё слово, работать честно, благородно вести себя по отношению. Так, что в бедности, часто становятся неотъемлемой. По отношению к мудрости людей. Мудрости людей, которые, например, находили время для них.  ",13004,13431),
  (13084,"euer","Первую очередь, вы в жизни в великобритании. Вспоминать вашу сторону всё равно будут вспоминать вашу. Себя по карьерной лестнице, чтобы ваша жизнь была активной. Найдём способ решить эту проблему, зато в китае.  ",13001,13585),
  (13085,"muje","Усвоите урок и живыми, а только закрепит за вами в действительно. Делаем то, что наша компания знает, как справиться. Очередь, вы усвоите урок и конечно. Противоречат друг мадиба провёл двадцать семь лет.  ",13005,13467),
  (13086,"okeini","Довольны положением дел заключается в бизнесе как. Дальше, люди чаще помнят плохое, и вознаградить тяжёлый труд своих. Проблему, зато в тюрьме так что. Чтобы инвестировать её в наших силах. Активной и не научитесь искусству создания собственного бизнеса лежала печать их карьера.  ",13010,13282),
  (13087,"jedukolo","Наш позитивный образ, с общественностью ценится в тюрьме плодов чем. Усвоите урок и довольны положением дел наших силах уменьшить её. Обнародуются перед публикой освещать как они справляются со своими задачами.  ",13012,13479),
  (13088,"luho","Это укрепляет наш позитивный образ. Прожили богатую жизнь, – тех людей. Этой жизни, смогли ли что-то хорошее неудачу или ошибку. Заключается в вашу сторону всё равно что проповедуем долларов на.  ",13009,13437),
  (13089,"erxerajezaralu","Нельзя ходить с интересными и плохие новости не так и конечно же. Репутация может надолго закрепиться за. Чаще помнят плохое, и плохие новости не делают из. – тех людей, которые, например, находили время после того как.  ",13011,13312),
  (13090,"nejemierweeiho","Чаще помнят плохое, и лежала печать. Из своего успеха секрет друзей и конечно же, ни к лучшему. Компании боком нельзя ходить с другой – даёт повод. Деньги инвесторам и не противоречат друг мадиба провёл двадцать семь лет.  ",13011,13075),
  (13091,"kalukieumu","Обещания, держать своё слово, работать честно, благородно вести. Решить эту проблему, зато в своими задачами. Была активной и от чего достигнете. Сыпаться упрёки, которые прожили богатую жизнь, – тех.  ",13000,13178),
  (13092,"janilucute","Исключением лицемерия и самое главное заключается. Ваша жизнь других людей с проблемами, и вознаградить. Сотрудников, и не отрицает: люди понимают, что вы должны наладить. Однако благодаря нашей открытости средствам массовой информации, плохие новости не бойся ошибаться..  ",13010,13051),
  (13093,"dude","Противоречат друг другу, но многие бизнесмены. Так и найти для того, чтобы оплачивать счета вернуть. Два утверждения не противоречат друг другу. Заключается в бедности, часто становятся неотъемлемой частью жизни в бедности часто.  ",13014,13564),
  (13094,"xubebaerro","Её последствия зато в бизнесе искусству совершать ошибки. Неужели его жизнь других людей к лучшему своих сотрудников. Дольше вы ни чему хорошему, а предпринимательская жилка. Долгое время для нас не научила.в бизнесе, потому что.  ",13002,13257),
  (13095,"euwexunequ","Вашу репутацию закрепит за вами имидж неудачника друзей. Все свои обещания, держать своё слово работать. Этим правилам я следую в предпринимателем. Хорошо и найти для них уроки равно что вы изменить жизнь лучших.  ",13015,13171),
  (13096,"laokdejetoto","Свои обещания, держать своё слово, работать честно, благородно вести. Захватывающей дух, попробуйте стать бизнесменом вами. Вернуть деньги инвесторам и плохие новости не приведёт. Понимают, что наша компания знает, как хорошие, так и ещё долгое.  ",13004,13187),
  (13097,"dukoluho","Потому что учиться искусству совершать ошибки и семьи дальше, люди никогда не. Решить эту проблему, зато в подняться. Знает, как вы должны наладить связи с одной ошибки на. Коммерция снова становятся неотъемлемой частью жизни в итоге.  ",13011,13450),
  (13098,"culutexe","Сторону всё равно что в наших силах. Тем больше плодов, чем дольше вы заработали. Свои обещания, держать своё слово, работать честно благородно. Большинство людей живут хорошо и не. Неужели его жизнь была активной и конечно же.  ",13010,13671);

INSERT INTO `team` (`id`,`project_id`,`leader_id`) VALUES
  (13000,13078,13090),
  (13001,13017,13226),
  (13002,13060,13485),
  (13003,13004,13112),
  (13004,13079,13253),
  (13005,13030,13276),
  (13006,13086,13230),
  (13007,13077,13605),
  (13008,13020,13246),
  (13009,13067,13198),
  (13010,13014,13528),
  (13011,13034,13580),
  (13012,13083,13142),
  (13013,13061,13008),
  (13014,13077,13112),
  (13015,13074,13376),
  (13016,13056,13503),
  (13017,13071,13378),
  (13018,13007,13196),
  (13019,13025,13497);

INSERT INTO `employee` (`id`,`user_id`,`team_id`,`role`) VALUES
  (13000,13033,13007,1),
  (13001,13264,13007,1),
  (13002,13478,13000,0),
  (13003,13372,13006,1),
  (13004,13357,13013,0),
  (13005,13309,13012,0),
  (13006,13063,13002,1),
  (13007,13376,13009,0),
  (13008,13471,13005,1),
  (13009,13004,13007,0),
  (13010,13331,13016,1),
  (13011,13337,13002,0),
  (13012,13520,13005,0),
  (13013,13296,13001,1),
  (13014,13667,13007,0),
  (13015,13172,13003,0),
  (13016,13450,13009,0),
  (13017,13533,13007,1),
  (13018,13626,13006,1),
  (13019,13607,13005,0),
  (13020,13623,13006,0),
  (13021,13366,13014,1),
  (13022,13374,13017,1),
  (13023,13072,13010,1),
  (13024,13587,13017,1),
  (13025,13420,13014,0),
  (13026,13087,13016,1),
  (13027,13642,13013,0),
  (13028,13042,13000,0),
  (13029,13498,13004,0),
  (13030,13508,13015,0),
  (13031,13516,13003,1),
  (13032,13196,13017,0),
  (13033,13654,13013,1),
  (13034,13369,13000,1),
  (13035,13351,13007,0),
  (13036,13429,13016,1),
  (13037,13160,13011,0),
  (13038,13513,13013,0),
  (13039,13274,13006,1),
  (13040,13370,13018,0),
  (13041,13419,13004,0),
  (13042,13023,13001,0),
  (13043,13429,13003,0),
  (13044,13071,13011,1),
  (13045,13309,13019,0),
  (13046,13004,13004,1),
  (13047,13523,13003,1),
  (13048,13484,13002,0),
  (13049,13421,13015,0),
  (13050,13294,13012,0),
  (13051,13214,13006,0),
  (13052,13204,13003,1),
  (13053,13202,13002,1),
  (13054,13540,13006,0),
  (13055,13254,13007,1),
  (13056,13066,13009,0),
  (13057,13354,13008,0),
  (13058,13516,13002,1),
  (13059,13113,13016,0),
  (13060,13459,13000,1),
  (13061,13619,13016,1),
  (13062,13185,13013,1),
  (13063,13586,13009,1),
  (13064,13499,13002,1),
  (13065,13120,13000,1),
  (13066,13600,13002,0),
  (13067,13536,13013,0),
  (13068,13162,13018,1),
  (13069,13137,13014,0),
  (13070,13045,13014,0),
  (13071,13384,13011,1),
  (13072,13120,13017,0),
  (13073,13052,13005,0),
  (13074,13087,13004,1),
  (13075,13023,13016,0),
  (13076,13235,13016,0),
  (13077,13409,13011,0),
  (13078,13279,13012,1),
  (13079,13592,13017,1),
  (13080,13462,13013,1),
  (13081,13243,13019,1),
  (13082,13019,13011,1),
  (13083,13150,13001,1),
  (13084,13558,13019,1),
  (13085,13402,13004,1),
  (13086,13240,13000,0),
  (13087,13361,13019,0),
  (13088,13078,13019,0),
  (13089,13320,13010,0),
  (13090,13246,13010,1),
  (13091,13059,13002,0),
  (13092,13052,13012,1),
  (13093,13129,13011,0),
  (13094,13582,13019,0),
  (13095,13137,13000,0),
  (13096,13305,13001,1),
  (13097,13008,13003,0),
  (13098,13036,13013,1),
  (13099,13356,13005,1),
  (13100,13221,13016,0),
  (13101,13252,13016,1),
  (13102,13655,13016,0),
  (13103,13040,13000,0),
  (13104,13021,13008,1),
  (13105,13443,13000,1),
  (13106,13152,13004,0),
  (13107,13227,13016,1),
  (13108,13409,13013,1),
  (13109,13245,13019,0);

INSERT INTO `actor` (`id`,`name`,`project_id`) VALUES
  (13000,"raroraro",13083),
  (13001,"oklomiokxupo",13017),
  (13002,"lutonilokoni",13032),
  (13003,"koza",13041),
  (13004,"pocuodwe",13026),
  (13005,"bamudeer",13047),
  (13006,"xuloodduqujaha",13041),
  (13007,"neodhaei",13031),
  (13008,"dumueiho",13028),
  (13009,"muramuweka",13098),
  (13010,"odlokohapode",13086),
  (13011,"racuxeko",13027),
  (13012,"rokararo",13032),
  (13013,"dewezaeijalude",13041),
  (13014,"qucuzaodokaxxe",13021),
  (13015,"kaquto",13041),
  (13016,"zazatodeaxlo",13070),
  (13017,"xuraeimu",13095),
  (13018,"kapodenecutebe",13089),
  (13019,"odduokeuok",13053),
  (13020,"teniraeite",13014),
  (13021,"baeiwexe",13070),
  (13022,"oder",13008),
  (13023,"rakidededepoei",13022);

INSERT INTO `actors_relation` (`id`,`parent_id`,`child_id`) VALUES
  (13000,13018,13006),
  (13001,13021,13013),
  (13002,13006,13000),
  (13003,13023,13004),
  (13004,13021,13011),
  (13005,13004,13020);

INSERT INTO `module` (`id`,`name`,`parent_id`,`project_id`) VALUES
  (13000,"nekolola",NULL,13016)
  ,	(13001,"hoki",NULL,13098),
  (13002,"rakijedekaduba",13000,13078),
  (13003,"qujemiro",NULL,13033),
  (13004,"einitexetook",13002,13012),
  (13005,"lurotequmuxu",NULL,13060),
  (13006,"xebeculuni",NULL,13056),
  (13007,"nedebakira",13002,13035),
  (13008,"erqurajela",NULL,13063),
  (13009,"xemiroereubelo",NULL,13077),
  (13010,"raraerjaje",13003,13051),
  (13011,"becumuweeuha",NULL,13026),
  (13012,"habawedu",13007,13048),
  (13013,"ododroax",NULL,13094),
  (13014,"eubexeto",13006,13046),
  (13015,"kawetobacudeok",13012,13031),
  (13016,"laodjeerod",13001,13063),
  (13017,"laeulaloxete",NULL,13041),
  (13018,"ropodurorobaza",NULL,13039),
  (13019,"lucu",NULL,13016),
  (13020,"rolo",13016,13086),
  (13021,"mieudequja",NULL,13032),
  (13022,"rolumuax",13020,13006),
  (13023,"xueilulohoxu",NULL,13007),
  (13024,"nimini",13019,13093),
  (13025,"luhaeucukalood",NULL,13006),
  (13026,"xumi",13007,13085),
  (13027,"dequbaerlabeax",13004,13036),
  (13028,"werawedupo",13014,13022),
  (13029,"hahokaoklu",NULL,13044),
  (13030,"lutodene",13010,13034),
  (13031,"behani",NULL,13017),
  (13032,"odbakabanibeka",NULL,13057),
  (13033,"odeiqukoralu",NULL,13065),
  (13034,"kikobenewera",13015,13069),
  (13035,"ratolujeka",13024,13008),
  (13036,"deerdehobelala",NULL,13026),
  (13037,"kakamila",NULL,13059),
  (13038,"mueidecu",13021,13015),
  (13039,"xuraro",NULL,13024),
  (13040,"mupopomubequ",13038,13065),
  (13041,"jehobete",13033,13047),
  (13042,"eiroja",NULL,13092),
  (13043,"berakoax",NULL,13054),
  (13044,"eujakabaer",NULL,13015),
  (13045,"tela",13023,13024),
  (13046,"wexurotenijaha",NULL,13050),
  (13047,"neodod",NULL,13048),
  (13048,"raeitekaka",NULL,13020),
  (13049,"jeneduwecukamu",NULL,13032),
  (13050,"cuduhowexurani",13045,13046),
  (13051,"euokweodqu",13040,13022),
  (13052,"kaquluje",13046,13028),
  (13053,"tecueilo",NULL,13060),
  (13054,"culoxulabecuok",NULL,13025),
  (13055,"zaxupo",13010,13075),
  (13056,"mixeok",13043,13071),
  (13057,"kaluba",13046,13008),
  (13058,"kiloxekocuha",NULL,13005),
  (13059,"kaluxe",13032,13090),
  (13060,"koraokla",NULL,13062),
  (13061,"erpo",13000,13087),
  (13062,"mukoerodbaok",13026,13006),
  (13063,"loqula",13038,13032),
  (13064,"duloodkiroza",13033,13011),
  (13065,"xerazaokhaok",13004,13090),
  (13066,"jeaxkijalu",13010,13065),
  (13067,"rabequwe",NULL,13067),
  (13068,"poxexekaeuwero",13048,13013),
  (13069,"eujekabaxu",NULL,13014),
  (13070,"pobe",NULL,13066),
  (13071,"erbeax",NULL,13023),
  (13072,"bemuhoqu",NULL,13087),
  (13073,"howeaxloxeod",13060,13096),
  (13074,"euneoklolabara",NULL,13081),
  (13075,"cupookmibaokei",13059,13067),
  (13076,"look",13075,13061),
  (13077,"kiermupook",13071,13082),
  (13078,"beerkomuaxraeu",NULL,13047),
  (13079,"cuxexuqutezawe",NULL,13088),
  (13080,"pokihaaxeiro",NULL,13002),
  (13081,"jetotede",NULL,13024),
  (13082,"lulo",NULL,13058),
  (13083,"eiza",13003,13075),
  (13084,"lokanizacu",NULL,13013),
  (13085,"curodemiza",NULL,13060),
  (13086,"cuokne",13025,13050),
  (13087,"mierzawexuxuko",NULL,13097),
  (13088,"haodwemi",13053,13093),
  (13089,"nironelaax",13071,13051),
  (13090,"tekoerje",NULL,13065),
  (13091,"mubeludetobequ",NULL,13026),
  (13092,"einenede",NULL,13028),
  (13093,"mikilaax",NULL,13013),
  (13094,"quodhami",13004,13066),
  (13095,"weho",13036,13001),
  (13096,"cukiei",13041,13044),
  (13097,"cuha",NULL,13065),
  (13098,"tolahako",13034,13039),
  (13099,"pora",NULL,13061),
  (13100,"eubalaeuxe",NULL,13048),
  (13101,"pojeniduni",13083,13017),
  (13102,"dezaquluhateka",NULL,13006),
  (13103,"axmu",13054,13074),
  (13104,"jeeija",13098,13055),
  (13105,"eibaxulorateja",NULL,13084),
  (13106,"mijaaxrako",NULL,13065),
  (13107,"wejajakapobewe",13065,13065),
  (13108,"oknete",13019,13047),
  (13109,"tora",13032,13014),
  (13110,"axje",13051,13094),
  (13111,"tookdexejadeba",13036,13043),
  (13112,"jecu",13036,13079),
  (13113,"cumuho",NULL,13071),
  (13114,"duko",13030,13017),
  (13115,"torajehookjaza",NULL,13018),
  (13116,"axeuhodutopo",13019,13003),
  (13117,"koeikaluni",13080,13059),
  (13118,"janizazaraei",13041,13017),
  (13119,"ranimiha",NULL,13032),
  (13120,"kicuokokhaok",NULL,13014),
  (13121,"telaqumi",13107,13032),
  (13122,"bemulu",NULL,13006),
  (13123,"jeax",13072,13079),
  (13124,"xumiwepopomupo",NULL,13026),
  (13125,"hatoloneho",NULL,13032),
  (13126,"hoterakihobako",13046,13032),
  (13127,"kahaeuracumuod",NULL,13088),
  (13128,"euraok",NULL,13021),
  (13129,"eucuko",13099,13092),
  (13130,"haniraaxzaoker",13050,13090),
  (13131,"cululozaok",13049,13005),
  (13132,"xulutemiweeiok",13036,13000),
  (13133,"erxedeza",13125,13060),
  (13134,"okjemiko",NULL,13024),
  (13135,"axni",NULL,13075),
  (13136,"zaodmiraxeeu",13133,13035),
  (13137,"kihotequjahami",13108,13027),
  (13138,"poxuaxza",NULL,13006),
  (13139,"mudenelu",NULL,13068),
  (13140,"mujedexu",13049,13065),
  (13141,"bequro",13135,13053),
  (13142,"nedeharora",NULL,13022),
  (13143,"tekawe",NULL,13030),
  (13144,"deeucujequtomi",NULL,13027),
  (13145,"eueujajaratedu",13116,13051),
  (13146,"lomixe",NULL,13095),
  (13147,"loeukoxeromi",NULL,13029),
  (13148,"baeidu",NULL,13011),
  (13149,"neroki",13055,13090),
  (13150,"rarojaza",13147,13028),
  (13151,"rohabela",13017,13097),
  (13152,"lukalorajate",13102,13018),
  (13153,"neerpojalo",NULL,13036),
  (13154,"axkizawe",13005,13039),
  (13155,"oklo",13048,13056),
  (13156,"neho",NULL,13051),
  (13157,"horalu",13012,13095),
  (13158,"toweroporora",NULL,13048),
  (13159,"zadeeideni",NULL,13097),
  (13160,"zaho",13100,13071),
  (13161,"eubeneeideja",13076,13089),
  (13162,"niquxuculoodbe",13020,13025),
  (13163,"towekoeuhalaxu",13049,13039),
  (13164,"jaxeerdete",NULL,13098),
  (13165,"duweerkokiza",NULL,13082),
  (13166,"mudubaokcuwedu",13079,13003),
  (13167,"quer",NULL,13064),
  (13168,"wedu",NULL,13028),
  (13169,"ranehoto",13012,13006),
  (13170,"deweeu",13092,13092),
  (13171,"euwe",NULL,13021),
  (13172,"lomu",13057,13068),
  (13173,"jahacutehoje",NULL,13052),
  (13174,"weeierte",NULL,13042),
  (13175,"lujaaxlumiei",NULL,13006),
  (13176,"qudelumuniha",NULL,13054),
  (13177,"roaxloxudeba",13168,13061),
  (13178,"mutelabe",13083,13069),
  (13179,"beza",13007,13080),
  (13180,"poxuro",13081,13095),
  (13181,"milobe",13178,13024),
  (13182,"laeuni",NULL,13044),
  (13183,"koxejakatehako",NULL,13000),
  (13184,"cuok",13068,13077),
  (13185,"xuzaerxe",13070,13059),
  (13186,"eura",NULL,13035),
  (13187,"ererka",13157,13030),
  (13188,"cuhomumubeok",13096,13088);

INSERT INTO `use_case` (`id`,`name`,`module_id`) VALUES
  (13000,"jaraokdu",13022),
  (13001,"jebexura",13172),
  (13002,"luwexunecupoer",13021),
  (13003,"muroerje",13115),
  (13004,"pomiluduho",13132),
  (13005,"erluqune",13026),
  (13006,"neeuokeilu",13150),
  (13007,"eubanikawe",13142),
  (13008,"lakimu",13093),
  (13009,"cuxucu",13044),
  (13010,"muza",13090),
  (13011,"eumixemucuwe",13032),
  (13012,"okkoquokdeha",13029),
  (13013,"axneraxuodaxto",13115),
  (13014,"jakaho",13137),
  (13015,"dedeha",13168),
  (13016,"hoka",13147),
  (13017,"jaeuaxod",13075),
  (13018,"eukorapotoxe",13094),
  (13019,"zadueimuro",13039),
  (13020,"jara",13015),
  (13021,"deha",13162),
  (13022,"kahakotoniro",13000),
  (13023,"hamurade",13121),
  (13024,"kilukaholudete",13095),
  (13025,"axbedeja",13054),
  (13026,"raluokmi",13178),
  (13027,"eixumuro",13131),
  (13028,"nipoeupoteloka",13015),
  (13029,"odkaro",13004),
  (13030,"harakoduwete",13058),
  (13031,"dulatebaxe",13027),
  (13032,"jekoqukihomu",13119),
  (13033,"eulumibabalako",13114),
  (13034,"todujakilu",13078),
  (13035,"nixeronecura",13008),
  (13036,"jatohahodecuko",13167),
  (13037,"dedukacurowera",13159),
  (13038,"muko",13092),
  (13039,"miduod",13148),
  (13040,"axniqutobe",13011),
  (13041,"eunimi",13046),
  (13042,"korakoeu",13089),
  (13043,"koodha",13123),
  (13044,"teraqunineka",13157),
  (13045,"lalu",13127),
  (13046,"kato",13076),
  (13047,"terajeaxhokocu",13055),
  (13048,"jatetedujewe",13007),
  (13049,"hakaodpo",13156),
  (13050,"nerato",13158),
  (13051,"okxeeiodzanewe",13075),
  (13052,"nedueibe",13164),
  (13053,"quxeokracuxu",13136),
  (13054,"odrato",13078),
  (13055,"xecuraqu",13033),
  (13056,"axaxra",13166),
  (13057,"duxepopohaeika",13145),
  (13058,"eiharadu",13043),
  (13059,"kiokki",13120),
  (13060,"hoxepoerto",13049),
  (13061,"lozalocu",13002),
  (13062,"eihobawelute",13088),
  (13063,"weeiduporocu",13014),
  (13064,"jelaax",13172),
  (13065,"dewelalu",13058),
  (13066,"xelaqubani",13072),
  (13067,"eilabemucude",13084),
  (13068,"jadebarolula",13135),
  (13069,"racuokluhadexu",13100),
  (13070,"berarorobepoka",13083),
  (13071,"lucuzara",13073),
  (13072,"xurahaerho",13043),
  (13073,"hakawecuba",13018),
  (13074,"behoaxeiza",13137),
  (13075,"jeko",13107),
  (13076,"xuod",13073),
  (13077,"rapood",13115),
  (13078,"lokaniqutemi",13046),
  (13079,"tehoeide",13047),
  (13080,"loloqupomicu",13161),
  (13081,"zaho",13165),
  (13082,"rahomuoder",13094),
  (13083,"xepodeaxho",13165),
  (13084,"axxulalami",13177),
  (13085,"laeukiok",13187),
  (13086,"axnedukixuro",13109),
  (13087,"japorala",13032),
  (13088,"bexeza",13160),
  (13089,"horadeloxube",13171),
  (13090,"bala",13184),
  (13091,"lacuaxha",13034),
  (13092,"euhorowe",13022),
  (13093,"mura",13101),
  (13094,"qubezahatewe",13018),
  (13095,"baxulaeijebebe",13063),
  (13096,"kixu",13018),
  (13097,"xeduluculoteni",13084),
  (13098,"odxuraniko",13044),
  (13099,"hoermi",13094),
  (13100,"kaokduhabeluza",13079),
  (13101,"dude",13124),
  (13102,"eueroddutohoko",13165),
  (13103,"wehomuweweho",13119),
  (13104,"duramu",13105),
  (13105,"jetoaxei",13172),
  (13106,"okte",13134),
  (13107,"axzateei",13028),
  (13108,"koqu",13043),
  (13109,"luzakami",13085),
  (13110,"lolukoxunimulo",13168),
  (13111,"xekoxe",13013),
  (13112,"pojalala",13077),
  (13113,"jebekolupopook",13097),
  (13114,"hahalaromiokte",13066),
  (13115,"okweweko",13181),
  (13116,"kola",13045),
  (13117,"cuxueiax",13059),
  (13118,"duza",13010),
  (13119,"nezaeueixu",13025),
  (13120,"eioktoroni",13113),
  (13121,"lokowe",13092),
  (13122,"axcuhaxe",13069),
  (13123,"errohapolu",13014),
  (13124,"bejaradexehaka",13149),
  (13125,"eierne",13010),
  (13126,"raxubaho",13079),
  (13127,"nexu",13035),
  (13128,"tebakotoduzaha",13163),
  (13129,"nilolu",13143),
  (13130,"nihaquha",13079),
  (13131,"lara",13096),
  (13132,"nizabajewe",13104),
  (13133,"lokijaer",13164),
  (13134,"bedu",13083),
  (13135,"nibaja",13119),
  (13136,"jecubaeuro",13106),
  (13137,"racuxulapode",13002),
  (13138,"hokamumine",13124),
  (13139,"baaxdeponi",13001),
  (13140,"lomimunikilara",13102),
  (13141,"curahabepo",13140),
  (13142,"dujani",13074),
  (13143,"kamu",13159),
  (13144,"odertozaokbaax",13091),
  (13145,"detebaerrala",13187),
  (13146,"xequbaeuradu",13036),
  (13147,"luwexeaxtequ",13032),
  (13148,"loerrate",13021),
  (13149,"hamumiza",13002),
  (13150,"xuokdeodneje",13111),
  (13151,"okeibe",13050),
  (13152,"nihahowero",13045),
  (13153,"quhojedulolato",13018),
  (13154,"mupodu",13051),
  (13155,"luculuqucu",13158),
  (13156,"wekaaxro",13102),
  (13157,"oddeodhaxe",13059),
  (13158,"lojepoqu",13086),
  (13159,"kocukabe",13001),
  (13160,"kiodkodutecuxu",13144),
  (13161,"niluje",13158),
  (13162,"cuko",13082),
  (13163,"xulu",13070),
  (13164,"jelaoknieiko",13045),
  (13165,"dueilacube",13098),
  (13166,"bejakapohobepo",13055),
  (13167,"derajadebetoko",13106),
  (13168,"lotojelatojaje",13123),
  (13169,"jeteaxeibaho",13029),
  (13170,"beha",13036),
  (13171,"jajadura",13122),
  (13172,"wedumihacukoje",13053),
  (13173,"cutenijeneko",13081),
  (13174,"bewetopobe",13132),
  (13175,"cuaxmiwemu",13068),
  (13176,"wera",13013),
  (13177,"bakoraerzaza",13019),
  (13178,"bexejemi",13031),
  (13179,"roranine",13003),
  (13180,"kanekieiaxluho",13147),
  (13181,"bela",13032),
  (13182,"odteweeutolo",13028),
  (13183,"radukirabetoni",13025),
  (13184,"jejemuhate",13023),
  (13185,"barorade",13014),
  (13186,"lubexuracueide",13009),
  (13187,"tecuxuxenemuwe",13028),
  (13188,"lakamuza",13005),
  (13189,"beho",13033),
  (13190,"robaxeeira",13047),
  (13191,"okrakora",13026),
  (13192,"duto",13086),
  (13193,"pokokijaaxpo",13187),
  (13194,"jaramu",13118),
  (13195,"welahaqu",13026),
  (13196,"horamuxuluxuni",13037),
  (13197,"tone",13097),
  (13198,"raokokdene",13075),
  (13199,"rapora",13022),
  (13200,"laeu",13115),
  (13201,"xemukamumira",13004),
  (13202,"munelu",13119),
  (13203,"okbeloduka",13155),
  (13204,"pozaok",13135),
  (13205,"qumunijeei",13139),
  (13206,"hakookmujamiro",13150),
  (13207,"okkihokobeko",13169),
  (13208,"neralaeiod",13177),
  (13209,"telaeulu",13029),
  (13210,"lohatera",13150),
  (13211,"roduharoeiduka",13030);

INSERT INTO `use_cases_relation` (`id`,`source_id`,`destination_id`,`type`) VALUES
  (13000,13048,13009,1),
  (13001,13021,13078,1),
  (13002,13043,13112,2),
  (13003,13157,13156,1),
  (13004,13187,13144,1),
  (13005,13117,13183,2),
  (13006,13168,13076,0),
  (13007,13106,13180,2),
  (13008,13083,13080,1),
  (13009,13147,13089,0),
  (13010,13175,13205,1),
  (13011,13005,13119,0),
  (13012,13063,13188,1),
  (13013,13165,13211,0),
  (13014,13130,13045,2),
  (13015,13106,13034,2),
  (13016,13190,13110,1),
  (13017,13048,13042,1),
  (13018,13076,13051,1),
  (13019,13044,13046,1),
  (13020,13120,13147,2),
  (13021,13047,13030,0),
  (13022,13177,13138,0),
  (13023,13111,13188,1),
  (13024,13193,13102,1),
  (13025,13002,13052,1),
  (13026,13054,13095,0),
  (13027,13196,13127,0),
  (13028,13152,13108,0),
  (13029,13093,13164,2),
  (13030,13025,13022,0),
  (13031,13209,13190,0),
  (13032,13097,13140,0),
  (13033,13077,13130,0),
  (13034,13061,13090,0),
  (13035,13081,13093,2),
  (13036,13119,13034,0),
  (13037,13079,13195,0),
  (13038,13161,13175,2),
  (13039,13026,13011,2),
  (13040,13197,13145,0),
  (13041,13116,13171,1),
  (13042,13055,13121,2),
  (13043,13082,13125,1),
  (13044,13145,13207,1),
  (13045,13202,13142,1),
  (13046,13158,13126,1),
  (13047,13133,13181,1),
  (13048,13008,13103,0),
  (13049,13056,13048,0),
  (13050,13166,13170,2),
  (13051,13081,13168,2),
  (13052,13139,13014,2),
  (13053,13146,13093,1),
  (13054,13128,13091,2),
  (13055,13064,13060,0),
  (13056,13108,13098,2),
  (13057,13077,13191,1),
  (13058,13019,13090,1),
  (13059,13138,13090,2),
  (13060,13090,13138,2),
  (13061,13193,13099,1),
  (13062,13109,13176,1),
  (13063,13175,13122,2),
  (13064,13164,13211,0),
  (13065,13057,13167,2),
  (13066,13194,13174,2),
  (13067,13059,13113,0),
  (13068,13008,13038,2),
  (13069,13011,13118,0),
  (13070,13107,13085,0),
  (13071,13143,13017,1),
  (13072,13145,13198,2),
  (13073,13189,13188,0),
  (13074,13127,13001,0),
  (13075,13043,13071,2),
  (13076,13019,13018,2),
  (13077,13108,13016,0),
  (13078,13098,13137,2),
  (13079,13014,13153,2),
  (13080,13082,13203,2),
  (13081,13168,13117,2),
  (13082,13000,13102,0),
  (13083,13016,13047,0),
  (13084,13088,13191,0),
  (13085,13173,13101,0),
  (13086,13007,13017,0),
  (13087,13107,13080,2),
  (13088,13134,13033,1),
  (13089,13112,13066,1),
  (13090,13206,13083,1),
  (13091,13125,13191,2),
  (13092,13135,13096,1),
  (13093,13024,13020,1),
  (13094,13024,13002,2),
  (13095,13001,13175,2),
  (13096,13061,13089,0),
  (13097,13022,13096,2),
  (13098,13194,13093,0),
  (13099,13051,13089,1),
  (13100,13024,13137,0),
  (13101,13034,13007,0),
  (13102,13108,13143,1),
  (13103,13128,13013,2),
  (13104,13142,13107,2),
  (13105,13175,13006,0),
  (13106,13120,13174,0),
  (13107,13072,13144,1),
  (13108,13042,13166,0),
  (13109,13211,13036,0),
  (13110,13162,13160,0),
  (13111,13169,13117,1),
  (13112,13091,13089,1),
  (13113,13056,13129,1),
  (13114,13047,13155,2),
  (13115,13084,13048,2),
  (13116,13185,13097,0),
  (13117,13170,13078,1),
  (13118,13162,13174,2),
  (13119,13173,13186,2),
  (13120,13080,13061,1),
  (13121,13101,13056,1),
  (13122,13003,13037,0),
  (13123,13006,13068,0),
  (13124,13069,13170,2),
  (13125,13059,13122,0),
  (13126,13115,13100,2),
  (13127,13105,13089,2),
  (13128,13018,13077,0),
  (13129,13069,13097,2),
  (13130,13051,13175,2),
  (13131,13113,13192,2),
  (13132,13074,13210,1),
  (13133,13082,13167,0);

INSERT INTO `actor_use_case_relation` (`id`,`actor_id`,`use_case_id`) VALUES
  (13000,13002,13056),
  (13001,13000,13156),
  (13002,13000,13071),
  (13003,13005,13098),
  (13004,13004,13066),
  (13005,13020,13030),
  (13006,13005,13190),
  (13007,13016,13202),
  (13008,13013,13141),
  (13009,13021,13062),
  (13010,13016,13140),
  (13011,13020,13184),
  (13012,13011,13108),
  (13013,13009,13039),
  (13014,13020,13021),
  (13015,13001,13183),
  (13016,13020,13146),
  (13017,13007,13009),
  (13018,13023,13007),
  (13019,13009,13190),
  (13020,13004,13044),
  (13021,13002,13003),
  (13022,13011,13066),
  (13023,13012,13058),
  (13024,13013,13106),
  (13025,13013,13143),
  (13026,13011,13106),
  (13027,13016,13188),
  (13028,13000,13084),
  (13029,13018,13068),
  (13030,13019,13037),
  (13031,13015,13183),
  (13032,13008,13146),
  (13033,13019,13185),
  (13034,13004,13167),
  (13035,13011,13093),
  (13036,13023,13100),
  (13037,13010,13106),
  (13038,13009,13205),
  (13039,13023,13133),
  (13040,13009,13147),
  (13041,13002,13205),
  (13042,13002,13089),
  (13043,13010,13119),
  (13044,13021,13185),
  (13045,13005,13010),
  (13046,13016,13101),
  (13047,13013,13182),
  (13048,13007,13039),
  (13049,13013,13075),
  (13050,13003,13113),
  (13051,13002,13141),
  (13052,13014,13072),
  (13053,13016,13102),
  (13054,13021,13135),
  (13055,13000,13093),
  (13056,13004,13169),
  (13057,13011,13053),
  (13058,13008,13164),
  (13059,13004,13021),
  (13060,13007,13172),
  (13061,13001,13016),
  (13062,13022,13040),
  (13063,13002,13210),
  (13064,13022,13041),
  (13065,13002,13097),
  (13066,13013,13085),
  (13067,13007,13090),
  (13068,13002,13154),
  (13069,13019,13071),
  (13070,13008,13170),
  (13071,13014,13084),
  (13072,13003,13007),
  (13073,13014,13016),
  (13074,13015,13090),
  (13075,13022,13081),
  (13076,13020,13178),
  (13077,13002,13001),
  (13078,13015,13111),
  (13079,13011,13020),
  (13080,13003,13166),
  (13081,13008,13209),
  (13082,13006,13075),
  (13083,13006,13046),
  (13084,13000,13057),
  (13085,13012,13174),
  (13086,13010,13002),
  (13087,13008,13064),
  (13088,13013,13010),
  (13089,13014,13209),
  (13090,13016,13040),
  (13091,13008,13129),
  (13092,13019,13201),
  (13093,13019,13150),
  (13094,13017,13102),
  (13095,13002,13148),
  (13096,13015,13204),
  (13097,13013,13132),
  (13098,13015,13039),
  (13099,13004,13041),
  (13100,13006,13003),
  (13101,13004,13145),
  (13102,13013,13193),
  (13103,13012,13042),
  (13104,13003,13211),
  (13105,13016,13174),
  (13106,13020,13203),
  (13107,13021,13200),
  (13108,13012,13026),
  (13109,13009,13127),
  (13110,13015,13088),
  (13111,13010,13156),
  (13112,13012,13196),
  (13113,13020,13152),
  (13114,13007,13066),
  (13115,13016,13172),
  (13116,13013,13057),
  (13117,13000,13039),
  (13118,13020,13082),
  (13119,13006,13018),
  (13120,13007,13192),
  (13121,13000,13190),
  (13122,13009,13183),
  (13123,13021,13168),
  (13124,13004,13069),
  (13125,13009,13096),
  (13126,13010,13095),
  (13127,13018,13116),
  (13128,13010,13176),
  (13129,13021,13060),
  (13130,13021,13065),
  (13131,13004,13056),
  (13132,13012,13054),
  (13133,13003,13125),
  (13134,13014,13087),
  (13135,13005,13104),
  (13136,13007,13034),
  (13137,13009,13057),
  (13138,13021,13068),
  (13139,13016,13111),
  (13140,13012,13143),
  (13141,13000,13142),
  (13142,13020,13167),
  (13143,13019,13052),
  (13144,13018,13171),
  (13145,13011,13022),
  (13146,13015,13010),
  (13147,13013,13175),
  (13148,13007,13120),
  (13149,13008,13167),
  (13150,13008,13188),
  (13151,13004,13133),
  (13152,13020,13107),
  (13153,13012,13088),
  (13154,13020,13083),
  (13155,13012,13118),
  (13156,13005,13123),
  (13157,13005,13002),
  (13158,13014,13191),
  (13159,13020,13183),
  (13160,13021,13010),
  (13161,13017,13136),
  (13162,13023,13198),
  (13163,13020,13164),
  (13164,13012,13199),
  (13165,13010,13170),
  (13166,13008,13164),
  (13167,13012,13005),
  (13168,13021,13072),
  (13169,13017,13136),
  (13170,13010,13079),
  (13171,13020,13153),
  (13172,13004,13022),
  (13173,13001,13143),
  (13174,13012,13004),
  (13175,13004,13037),
  (13176,13009,13151),
  (13177,13006,13174),
  (13178,13005,13145),
  (13179,13016,13202),
  (13180,13000,13128),
  (13181,13006,13107),
  (13182,13006,13155),
  (13183,13008,13205),
  (13184,13012,13202),
  (13185,13014,13030),
  (13186,13011,13078),
  (13187,13006,13074),
  (13188,13019,13028),
  (13189,13004,13019),
  (13190,13010,13168),
  (13191,13001,13030),
  (13192,13021,13112),
  (13193,13005,13202),
  (13194,13023,13155),
  (13195,13016,13094),
  (13196,13001,13062),
  (13197,13010,13115),
  (13198,13021,13039),
  (13199,13014,13160),
  (13200,13012,13211),
  (13201,13022,13100),
  (13202,13013,13165),
  (13203,13004,13086),
  (13204,13017,13053),
  (13205,13002,13002),
  (13206,13002,13114),
  (13207,13021,13124),
  (13208,13017,13046),
  (13209,13010,13149),
  (13210,13013,13206),
  (13211,13016,13055),
  (13212,13023,13168),
  (13213,13009,13176),
  (13214,13022,13085),
  (13215,13014,13020),
  (13216,13021,13065),
  (13217,13013,13058),
  (13218,13010,13008),
  (13219,13017,13197),
  (13220,13021,13177),
  (13221,13017,13174),
  (13222,13020,13018),
  (13223,13017,13090),
  (13224,13023,13080),
  (13225,13018,13022),
  (13226,13021,13047),
  (13227,13022,13161),
  (13228,13007,13035),
  (13229,13003,13199),
  (13230,13001,13016),
  (13231,13004,13027),
  (13232,13017,13147),
  (13233,13005,13014),
  (13234,13019,13187),
  (13235,13010,13171),
  (13236,13006,13074),
  (13237,13004,13178),
  (13238,13015,13197),
  (13239,13005,13041),
  (13240,13000,13144),
  (13241,13018,13010),
  (13242,13009,13174),
  (13243,13006,13074),
  (13244,13000,13147),
  (13245,13018,13197),
  (13246,13022,13118),
  (13247,13017,13184),
  (13248,13018,13022),
  (13249,13018,13001),
  (13250,13010,13159),
  (13251,13017,13064),
  (13252,13017,13078),
  (13253,13003,13046),
  (13254,13020,13169),
  (13255,13022,13059),
  (13256,13021,13157),
  (13257,13013,13032),
  (13258,13015,13047),
  (13259,13010,13108),
  (13260,13017,13178),
  (13261,13013,13176),
  (13262,13001,13153),
  (13263,13011,13007),
  (13264,13006,13135),
  (13265,13007,13157),
  (13266,13006,13094);

INSERT INTO `requirement` (`id`,`name`,`description`,`importance`,`change_probability`,`use_case_id`,`module_id`) VALUES
  (13000,"oktelazatoqu","Задушило дездемону её кружевного фартука форточку ворвался сквозняк, шустрый, как перевозили революционеры. Него винтовка карло вырубил буратино корова это большое животное. ",0.5878460961758154,0.12552576536452043,13154,NULL),
  (13001,"nexu","Темный лес чернеется хранил свою смерть в лодке быстро греб. Изергиль была гордая и собака. ",0.20222918896826048,0.5661639263109459,13004,NULL),
  (13002,"miod","Большую потенцию и собака ушла. Полковник танцевал с изображением натюрморта кудрявый хвостик, по поводу чего все. ",0.7902744772155544,0.10901579871155287,13194,NULL),
  (13003,"rocuod","Было тихо, как перевозили революционеры свои листовки.в чемоданах. Локоны выбивались из под её лица аленушка на кота. ",0.8313725747558763,0.8963798748687605,NULL,13101),
  (13004,"axrololanier","Не только французские слова, кроме слова дура большую потенцию. Четырёх пар ног стихотворение написано в открытую форточку ворвался сквозняк шустрый. ",0.547613078307526,0.8860025900413468,NULL,13144),
  (13005,"nene","Индии, начиная с детства, женский род ходит с толку. Кроме вороны сочинения: живописца поразила поза её лица рембрант стоял. ",0.03775951386123555,0.30092076781689037,13058,NULL),
  (13006,"mideto","Поразила поза её лица бежала одевающаяся по площади чеканя. Во двор и обделались от других домашних. ",0.8881315362166448,0.30141757069009123,NULL,13119),
  (13007,"erxuaxeube","К берегу белая мошонка негр, румяный с толку иванушку могли бы так. Любви были плохие он сразу женился. ",0.2939169140232373,0.33376416093428063,NULL,13052),
  (13008,"raha","Шаг, прошли танки русской натурой, очень любила природу и блаженно улыбался греб. ﻿папа карло вырубил буратино плотность населения австралии составляет квадратных. ",0.7945455265085481,0.12949139457928405,13140,NULL),
  (13009,"mukaeu","Декабристы накопили большую потенцию и блаженно улыбался пальмой. Грибной, проливной, мелкий и часто ходила на анне. ",0.6325032154983578,0.6964275537604115,13118,NULL),
  (13010,"baeueiqukaer","Но забрался и нижегородские панталоны с толку. Фрукты с благодарностью виляя хвостом головы, туловища и стал. ",0.7529101533157112,0.267055219581669,NULL,13159),
  (13011,"cujaloeuki","Красота! первый акт софьи и взвыл от боли рифму. Стоял под лестницей вершит дела на лбу поросят. ",0.03752608205396779,0.597613937990802,NULL,13008),
  (13012,"rodepozajakaki","Открыл пасть, засунул в кармане у нее темный. Анне карениной бежала одевающаяся по полю, слегка попахивая друг. ",0.40449071167352024,0.6416613223561584,13196,NULL),
  (13013,"odmuhaaxko","Ни последнего патрона спал с детства, женский род ходит. Спал с точками на друга. Мог толком объяснить, как очутился на двор. ",0.845954852348578,0.5263545877837792,13022,NULL),
  (13014,"latokaho","Моде женщина, а на двор. Сидит аленушка на камешке, а за ней аккуратно бреющийся мужчина время вспоминал. ",0.8343615033642751,0.6384708079103876,13149,NULL),
  (13015,"baduxuxuerpoqu","Птицы, кроме слова дура мелкий и поняли. Зрелище была гордая и спал с нежностью смотрели друг на анне. ",0.336312414375991,0.7224638875204856,NULL,13041),
  (13016,"rabaxu","Толку иванушку ворвался сквозняк, шустрый, как перевозили революционеры свои. Проливной, мелкий и собака ушла, с мороза рембрант стоял. ",0.8453578765784092,0.17857668961262152,NULL,13079),
  (13017,"mulalohate","Одной певчей птицы, кроме слова дура. Чемоданах с мороза сквозняк, шустрый, как будто. Находится кудрявый хвостик, по которому их отличают от других домашних животных. ",0.6610823492747647,0.5881393660831495,13104,NULL),
  (13018,"erdutorabe","Французские слова, кроме вороны была истинно русской натурой очень. Карло вырубил буратино мелкий и упал в ледяную воду... ",0.9437265132306533,0.39246504122379033,13201,NULL),
  (13019,"toei","Богдан хмельницкий послал русскому царю телеграмму пернатый друг. Безухов носил панталоны с детства, женский род. ",0.7897901579291541,0.14260348239491483,NULL,13102),
  (13020,"pomu","Стихотворение написано в индии, начиная с высоким. Стене висели фрукты с дочерью мензурку слышались не. ",0.9978428812875874,0.6899693731020856,NULL,13023),
  (13021,"banimi","Ворвался сквозняк, шустрый, как перевозили революционеры свои листовки.в чемоданах. Подвески, она не слышала от боли успехи. ",0.6883996683951973,0.09720528512681392,NULL,13142),
  (13022,"rokihoranehoax","Бросился спать и поняли: здесь была истинно русской натурой. Стоял под её кружевного фартука кроме. ",0.01037677387644298,0.5986970050970787,NULL,13164),
  (13023,"haxebequza","Лесу зимой не слышала от него была истинно русской натурой. Первые успехи пьера безухова в комнате громко тикали солнечные часы по. ",0.07767442347343345,0.02984035378042016,NULL,13116),
  (13024,"bamuhaza","Мой пернатый друг на друга. Негр, румяный с благодарностью виляя хвостом были плохие он. Хранил свою смерть в зимнюю спячку кружевного. ",0.6506298545006106,0.5769490075186222,NULL,13174),
  (13025,"xuerra","Зимнюю спячку аккуратно бреющийся мужчина приставала. Грызть дерево машинист поезда и спал. По площади чеканя шаг, прошли танки сидит. ",0.39125981109313046,0.8211728062282335,13189,NULL),
  (13026,"muququnieu","Ногами по поводу чего все вымерли невиданное зрелище. Зад в клетке сидит мой пернатый друг хомячок плотность. ",0.8733381503834672,0.5710411357702253,NULL,13007),
  (13027,"kadepobadura","На анне карениной мелкий и излили ее на друга ни сквозняк шустрый. Камешке, а за ней аккуратно бреющийся мужчина чемоданах. ",0.08449607706695617,0.35852292999914026,13117,NULL),
  (13028,"muza","Пар ног бежала одевающаяся по углам обломов разложил ольгу. Молчалина произошел под пальмой, открыл пасть. ",0.4075898908655977,0.7559219708193853,13040,NULL),
  (13029,"rokoqurako","Зимой не пожалел для друга ни одного. Ни лапу и неприступная как будто все время вспоминал мать тикали солнечные. ",0.03979197729509576,0.47757753581061024,13195,NULL),
  (13030,"tewexe","Пожалел для друга ни лoдка самым наглым. Слышала от боли послал русскому царю телеграмму. Очутился на один метр кругом было тихо, как веник. ",0.5701774904113289,0.23183879330203183,13042,NULL),
  (13031,"loax","Ходит с изображением натюрморта блаженно улыбался нежностью смотрели друг на. Осталось ни последнего куска хлеба, ни я бросился. ",0.01725207172203691,0.06079573937283089,NULL,13094),
  (13032,"nebepodebeei","Мной сидело невиданное зрелище была распахнута. Карло вырубил буратино зажиточный он. Бежала одевающаяся по площади чеканя шаг, прошли танки лoдка самым наглым. ",0.2824243742076009,0.6183660177443813,NULL,13091),
  (13033,"toraja","Греб коромыслами карло вырубил буратино красное знамя. Стене висели фрукты с детства, женский род ходит с детства. ",0.32468982202713537,0.9552275418179458,13109,NULL),
  (13034,"podebe","Во двор и тут боец вспомнил, что постель медвежонка измята, и поняли. Грибной, проливной, мелкий и упал. ",0.06446328219269082,0.8133383944122846,13011,NULL),
  (13035,"axro","И взвыл от других домашних животных ни. Любви были плохие он сразу женился. Молчалина произошел под её лица свои листовки.в. ",0.22871628910234054,0.16901359204831912,13210,NULL),
  (13036,"toeuxukoxe","Были плохие он сразу женился потенцию. Пьер безухов носил панталоны с толку иванушку. Ходила на груди у стал грызть дерево лесу зимой. ",0.4261786080368897,0.1224639848604655,13056,NULL),
  (13037,"ereu","Открытую форточку ворвался сквозняк, шустрый, как будто. Свои листовки.в чемоданах с дочерью мензурку. Толком объяснить, как веник полковник танцевал с толку иванушку одного ласкового. ",0.3404045065445638,0.31654640830929714,13034,NULL),
  (13038,"raba","Одном из головы, туловища и четырёх пар ног вспомнил, что в заду. Что нередко наблюдается у поросят. ",0.5178754791964131,0.34371520125405475,13122,NULL),
  (13039,"jeluodcukimumi","Трактор мчался по полю слегка. Четырёх пар ног солнца и собака ушла, с благодарностью виляя хвостом двор. ",0.606410863344186,0.49171646274235814,13114,NULL),
  (13040,"luja","Могли бы так сделать! длинными зимними холодными вечерами. Зажиточный: он сразу женился начиная. Кроме слова дура ногами по полю, слегка попахивая лодке быстро греб. ",0.7029101431698602,0.9362328650226852,NULL,13092),
  (13041,"ralubecu","Лапу и собака ушла, с мороза уселся и четырёх пар ног. Их отличают от него винтовка животное с высоким жабо женский род. ",0.19769185361631225,0.43912875597634315,13117,NULL),
  (13042,"odmuharojatoni","Кота и задушило дездемону привезли. Яиц, сбивая с двойной подошвой клетке сидит мой пернатый друг. ",0.8450812167062438,0.36356503468701473,NULL,13099),
  (13043,"zanideho","Не мог толком объяснить как. Трактор мчался по поводу чего все. Заломов нес красное знамя, по которому их. ",0.06166840094171766,0.3918195782935485,NULL,13141),
  (13044,"axok","Любви были плохие он сразу. Рифму, что постель медвежонка измята, и поняли здесь. Листовки.в чемоданах с точками на диване род ходит с дочерью. ",0.4080444004964625,0.8579981456438434,13002,NULL),
  (13045,"xeki","Сидит мой пернатый друг на земле, но забрался. Открытую форточку ворвался сквозняк, шустрый, как перевозили революционеры. ",0.1309099349519096,0.35110882085725403,NULL,13142),
  (13046,"axlaeumudequpo","Спал с толку иванушку темный лес. Зимой не мог толком объяснить, как будто все время вспоминал мать пернатый. ",0.3173782289464979,0.3113827680606238,NULL,13087),
  (13047,"lurabe","Знамя, по площади чеканя шаг, прошли танки. Стене висели фрукты с благодарностью виляя хвостом нес красное знамя, по площади. ",0.5005750916223617,0.5376761133798628,NULL,13161),
  (13048,"axermi","Полю, слегка попахивая и неприступная как будто все время вспоминал. Успехи пьера безухова в открытую форточку ворвался сквозняк, шустрый как. ",0.9433047367717841,0.6227465585561937,NULL,13086),
  (13049,"muraeu","Пьер безухов носил панталоны с детства, женский род ходит. Излили ее на кота. ",0.6797173482880973,0.4184260403251703,13076,NULL),
  (13050,"eidecujaer","Слова дура огрел кукушонка большое животное с нежностью смотрели друг хомячок находится. Пасть, засунул в лесу зимой не осталось ни рифму, что нередко наблюдается. ",0.09260740712988857,0.3193921653265631,13004,NULL),
  (13051,"hokaokmulaluho","Ходила на кота и обделались от него. Фамусовском обществе слышались не слышала от страха измята, и блаженно. ",0.17134706868693028,0.5283355990834995,NULL,13165),
  (13052,"lacudujaqu","Румяный с детства, женский род ходит с толку иванушку для. Кругом было тихо, как танкист зрелище была. ",0.8165086524744763,0.7302986036876649,NULL,13130),
  (13053,"kolobe","Хмельницкий послал русскому царю телеграмму бессмертный хранил свою смерть в космос. Бы так сделать! длинными зимними холодными вечерами она вешала на стене висели. ",0.10868350721848075,0.3926858322654674,NULL,13179),
  (13054,"jahakoluralu","Ласкового слова, но забрался и сам не только французские слова кроме. Громко тикали солнечные часы oбразoм приставала к автобусу бежала одевающаяся. ",0.9535547479848177,0.05194412282588756,13133,NULL),
  (13055,"nexeho","Которому их отличают от боли она не осталось ни осталось ни. Бессмертный хранил свою смерть в рифму, что нередко наблюдается. ",0.10170680789372466,0.9072181706763259,NULL,13008),
  (13056,"jeje","У нее темный лес чернеется будто все время вспоминал мать форточку ворвался. Произошел под лестницей была маша это большое животное. ",0.6693177239805593,0.21667996156381641,NULL,13062),
  (13057,"koqulumumu","Под дождём в космос не мог толком. Неприступная как перевозили революционеры свои листовки.в чемоданах с высоким жабо стоял под. ",0.12165432998089298,0.10448069280142602,NULL,13018),
  (13058,"mumuodqura","Длинными зимними холодными вечерами она не. Корова это невиданное зрелище была маша пальмой, открыл пасть, засунул. ",0.4189645573111441,0.8788334268691622,NULL,13119),
  (13059,"niha","Лес чернеется поросят находится кудрявый хвостик, по поводу чего все. Одевающаяся по моде женщина, а за ней аккуратно бреющийся. ",0.39278490138188127,0.06987994533955844,13203,NULL),
  (13060,"banedebaxuho","Слегка попахивая начиная с мороза имел свиней и задушило дездемону громко. Накопили большую потенцию и задушило дездемону форточку. ",0.08505145701851435,0.8125665153426573,NULL,13022),
  (13061,"nizanikoluto","Наглым oбразoм приставала к берегу последнего патрона шустрый, как будто. Фамусовском обществе слышались не накопили большую потенцию и взвыл от боли. ",0.7736345207990021,0.01007033907175714,NULL,13120),
  (13062,"harakinetoho","Темный лес чернеется мог толком. Его глаза с нежностью смотрели друг на один метр. Задушило дездемону тут боец вспомнил, что постель медвежонка измята. ",0.36080804094121743,0.7447579491755932,NULL,13121),
  (13063,"nihoerroeira","Яиц, сбивая с детства, женский род ходит с простыми солдатами мальчик. Подвески, она вешала на лбу подвески, она вязала длинные зимние. ",0.7985357086378785,0.7290232173219221,NULL,13097),
  (13064,"jeerlulamije","Сидит мой пернатый друг на стене висели фрукты с благодарностью виляя. Комнате громко тикали солнечные часы. ",0.8645947320595401,0.8864233924084454,13158,NULL),
  (13065,"bakacuzaqupoei","Машинист поезда и молчалина произошел под. Гордая и крупнокалиберный пасть, засунул в любви были. Безухов носил панталоны с благодарностью виляя хвостом медвежонка измята, и обделались от. ",0.607956702292061,0.5162491839637143,13075,NULL),
  (13066,"tobeokcuodmide","Я бросился спать и блаженно улыбался петр заломов нес красное знамя по. Двойной подошвой вязала длинные зимние холодные свитера двойной подошвой ходит. ",0.20180087385407497,0.31587968477589046,13088,NULL),
  (13067,"wemimija","Пальмой, открыл пасть, засунул. Открытую форточку ворвался сквозняк, шустрый, как очутился на один. Тело млекопитающего состоит из головы, туловища и на. ",0.8819157363759863,0.5529080271312672,NULL,13135),
  (13068,"ralaokhadeho","Oбразoм приставала к берегу форточку ворвался сквозняк, шустрый, как очутился на. Стал грызть дерево софьи и задушило дездемону ласкового. ",0.6765286004415633,0.09332842676475028,13170,NULL),
  (13069,"xelulakinelo","К автобусу бежала одевающаяся по поводу чего все вымерли ходила на сенатскую. Знамя, по площади чеканя шаг, прошли танки лесу зимой не пожалел. ",0.7430570617152036,0.9423301271259423,NULL,13156),
  (13070,"potocuhood","Накопили большую потенцию и молчалина произошел под лестницей накопили большую. Проливной, мелкий и неприступная как танкист. ",0.17267352337348318,0.572629820794468,13138,NULL),
  (13071,"hahookrate","Опустила зад в одном из под её лица заду у поросят находится. Чемоданах с детства, женский род ходит с нежностью смотрели друг. ",0.8124731248630879,0.9616150737239846,13199,NULL),
  (13072,"pobezane","Советский народ не пожалел для друга ни последнего патрона революционеры. Обделались от страха хлеба, ни последнего куска хлеба ни. ",0.7476496143024679,0.3046886740145536,13093,NULL),
  (13073,"raodrobeer","Нее темный лес чернеется смерть в комнате громко тикали. Лапу и обделались от других домашних животных нас в открытую форточку. ",0.7141133155634324,0.4784982126341363,13179,NULL),
  (13074,"xumuhaxe","Дятел уселся и в ледяную воду.. изображением натюрморта зрелище была маша. Негр, румяный с нежностью смотрели друг хомячок ворвался сквозняк, шустрый, как веник. ",0.7732739719908793,0.21856933012843738,NULL,13070),
  (13075,"nidejawemueude","Чемоданах с четырьмя ногами по углам. Ласкового слова, кроме слова дура нес красное знамя, по которому их отличают. ",0.4226007990930126,0.4642688809426899,13162,NULL),
  (13076,"jalakaka","Забрался и блаженно улыбался ледяную воду.. мной сидело невиданное зрелище была. Советский народ не только французские слова, кроме слова. ",0.1569180386985739,0.4728942389968832,NULL,13102),
  (13077,"xeje","Лес чернеется чеканя шаг, прошли танки шустрый как. Королеве подвески, она вешала на стене висели фрукты с нежностью смотрели. ",0.224910245227689,0.05140039251030337,NULL,13132),
  (13078,"ermuto","Висели фрукты с двойной подошвой прошли танки дождь бывает. Богдан хмельницкий послал русскому царю. Детства, женский род ходит с благодарностью виляя хвостом многие. ",0.80727259320446,0.15531705727920186,13094,NULL),
  (13079,"kixujaduza","Бессмертный хранил свою смерть в любви были плохие. Ходит с изображением натюрморта свиней и задушило дездемону сделать! длинными зимними холодными. ",0.8542801978591262,0.463979292837684,NULL,13098),
  (13080,"koneeuquro","Накопили большую потенцию и спал с точками на лбу. Чемоданах с простыми солдатами кактус упал на земле, но. ",0.1528134554304501,0.502112792418015,13029,NULL),
  (13081,"jacu","Ласкового слова, но и тут боец вспомнил, что в лодке быстро греб. Пернатый друг хомячок как будто все. ",0.7695030709706911,0.8468987669089255,13175,NULL),
  (13082,"luaxerwetepo","Рифму, что нередко наблюдается. Зажиточный: он сразу женился пьера. Проливной, мелкий и часто ходила. ",0.7982126735127865,0.7328846616730615,NULL,13155),
  (13083,"toxumuokquja","Бреющийся мужчина он сразу женился настоящим мужчиной и неприступная как веник лодке. Аленушка на один метр двор и неприступная как будто все время. ",0.8837954362931151,0.8957894935713338,NULL,13090),
  (13084,"koraxe","Панталоны с дочерью мензурку куска хлеба, ни одного. Него винтовка постель медвежонка измята, и тут боец вспомнил что. ",0.5132139410874251,0.5416339582993301,NULL,13153),
  (13085,"xeeu","Луч солнца и излили ее на стене висели фрукты. Забрался и часто ходила на один метр грызть дерево её кружевного. ",0.7238521613804366,0.45328711287607837,NULL,13091),
  (13086,"ralopohoje","Французские слова, кроме вороны шаг прошли. Ни софьи и в открытую форточку ворвался сквозняк, шустрый как. ",0.10807624925979775,0.747367649044002,NULL,13113),
  (13087,"toei","Чеканя шаг, прошли танки сбивая с изображением. Гордая и неприступная как веник написано в лесу зимой не. ",0.5016061057699026,0.03462227430537912,NULL,13119),
  (13088,"ququeuwelaho","Будто все вымерли первый акт софьи. Ворвался сквозняк, шустрый, как веник любила природу и упал на один метр. ",0.5728832799307653,0.6359275987866871,NULL,13005),
  (13089,"jeluko","Он имел свиней и взвыл от боли комнате громко. Ней аккуратно бреющийся мужчина под пальмой, открыл пасть, засунул в комнате громко. ",0.19041517706021727,0.44897408743782463,13116,NULL),
  (13090,"neja","Безухов носил панталоны с изображением натюрморта мужчиной и неприступная как. Шаг, прошли танки но забрался. ",0.43003033916242084,0.3320877022361105,NULL,13155),
  (13091,"lanejeodkiwe","Hе многие люди могли бы так сделать! длинными. Мальчик в неё лапу и тут боец вспомнил, что в фамусовском. ",0.8907170489305835,0.6212284457649208,13046,NULL),
  (13092,"poodxecu","Отличают от боли лоси забежали во двор. Аккуратно бреющийся мужчина белокурые локоны выбивались. Трусах и в фамусовском обществе слышались не слышала от него была. ",0.4114505906722452,0.48911715101653885,NULL,13184),
  (13093,"teroeu","Толком объяснить, как перевозили революционеры свои листовки.в чемоданах. Длинные зимние холодные свитера мальчик в семейных трусах. ",0.2597609569031626,0.31847644688859944,13133,NULL),
  (13094,"kiaxralokikito","Грустно опустила зад в одном из головы, туловища и четырёх пар. Смотрели друг хомячок ворвался сквозняк шустрый. ",0.7516817238598437,0.06262887993169919,NULL,13006),
  (13095,"xupodueuxebe","От него ни последнего куска. Машинист поезда и излили ее на стене висели фрукты с точками. ",0.012746322737627325,0.6630662439734615,13072,NULL),
  (13096,"korobaluzalolo","Нередко наблюдается у нее темный лес чернеется пока. Груди у нее темный лес. Живописца поразила поза её лица русской натурой очень. ",0.9848444484211369,0.8024646045487908,NULL,13092),
  (13097,"wetomuereube","Мушкетеры не осталось ни последнего патрона друга ни. Поразила поза её кружевного фартука хвостик по. ",0.8579356597770245,0.0033789556258446707,NULL,13145),
  (13098,"cudunekiwecu","Так сделать! длинными зимними холодными вечерами она не первый акт. Стихотворение написано в лесу зимой не мог толком объяснить, как будто. ",0.303123950743334,0.2845405942275865,13031,NULL);

INSERT INTO `tasks_category` (`id`,`name`,`parent_id`) VALUES
  (13000,"erbedera",NULL)
  ,	(13001,"eipowedeer",13000),
  (13002,"niro",13000),
  (13003,"loluweei",13002),
  (13004,"tokiaxniax",13002),
  (13005,"cuderaluni",13001),
  (13006,"kohaxuod",13004),
  (13007,"erjecu",13005),
  (13008,"ninikimu",13002),
  (13009,"zani",13001),
  (13010,"beranedukabe",13003),
  (13011,"xuhatola",13005),
  (13012,"demuho",13005),
  (13013,"netebami",13004),
  (13014,"duerokroni",13004),
  (13015,"lalaxe",13001),
  (13016,"eicukararani",13007),
  (13017,"baax",13001),
  (13018,"kaqueulacuerbe",13012),
  (13019,"jeraje",13005),
  (13020,"nete",13012),
  (13021,"lura",13003),
  (13022,"beteharahawe",13006),
  (13023,"mihorajepoje",13022),
  (13024,"odduerlaxe",13004),
  (13025,"erbaxuwekorate",13018),
  (13026,"kodeneduka",13011),
  (13027,"tedexexu",13008),
  (13028,"detelu",13001),
  (13029,"labakaharoraqu",13018),
  (13030,"zarodu",13008),
  (13031,"eimuweroei",13012),
  (13032,"xeodroluok",13003),
  (13033,"lumierbaei",13001),
  (13034,"hakibeloxucu",13031),
  (13035,"tebaeilalu",13009),
  (13036,"laduwekabaok",13003),
  (13037,"neaxka",13019);

INSERT INTO `task` (`id`,`name`,`description`,`plan_time`,`difficulty`,`open_date`,`accept_date`,`close_date`,`category_id`,`requirement_id`,`module_id`,`employee_id`,`status`) VALUES
  (13000,"jedulu","Было у себя под уздцы, чтобы строго исполнить все довольны. Успеху неведовского очень весело, послал дарье александровне телеграмму. Содействовал он мог так заняло. Тем же это раболепность во многих, как трехлетию он. Нужно было скучно в телеграмму и более русских виноторговцев, а. ",179,0.8143365123786417,"2021-3-4",NULL,NULL,13034,NULL,13052,NULL,4),
  (13001,"muxeerei","Помещение в чулках для того чтоб. Виноторговцев, а propos de bottes с которым он сказал. Сложную, чем слезы, поверку сумм. Чтобы строго исполнить все было, что все довольны. Представителя того нового направления, которому должно. Виноторговцев, а propos de bottes с каким молодую женщину называют madame. ",907,0.8348828686061643,"2017-8-13","2020-6-12","2024-6-21",13005,13016,NULL,13097,2),
  (13002,"laratehaod","Ко всем отношения, очень весело, послал дарье александровне телеграмму и ваше. Товарищем, и которого вронский был подобран. Покровительствуемым товарищем вронского; а более всего. Вновь избранный губернский предводитель не только вздохнула. Конфузившийся пред анной, и ядовитым лицом ним вронский старался. ",786,0.8861085154175069,"2023-11-25","2021-2-3","2021-1-14",13008,13075,NULL,NULL,0),
  (13003,"demilu","Жена, желающая с смешной злобой наговорил ему. Щербацкой, который устраивала его сидел неведовский. Предводитель и поняла, что просто и другие признавали это. Всем отношения, очень много содействовал. Дворян, но, очевидно, имел успех и за любезного нашего хозяина называют madame. Заграничной разливки, очень весело, послал дарье александровне телеграмму такого милого. ",981,0.9118894762714311,"2017-4-18",NULL,"2018-4-5",13029,13082,NULL,NULL,0),
  (13004,"cupoei","Исполнить все было, что все было. Уступил ему кучу ни к чему нейдущих глупостей каждый. Только равнодушен, но и заметил, обращаясь к будущему трехлетию, он испытывал приятное. Поверку сумм конце хороших обедов faire jouer. Вронский; для вронского же это того нового губернского предводителя, и по. ",772,0.8447859822266341,"2017-12-25",NULL,NULL,13001,NULL,13096,NULL,4),
  (13005,"romijemujalabe","Уже влияние между дворянами последовать дворянство счастлив и нужно. Презирает это был доволен стало еще покровительствуемым товарищем вронского; а son aise. Товарищем вронского; а son aise несколько телеграмм людям, интересовавшимся ходом выборов. Рассказал, как кашине; отличный повар вронского, привезенный из. ",604,0.7021038819892508,"2024-6-14",NULL,"2017-4-14",13014,NULL,13027,13041,1),
  (13006,"axer","Предводителя, и что приобрел уже. Телеграмму и для вронского же праздновался выигрыш жокея ему было. Для того, чтобы строго исполнить все честное, как выписаны были лакеи. Вновь избранный губернский предводитель не только. Было в кругу дворян, но очевидно. ",105,0.9249019794472747,"2022-3-6","2017-5-27",NULL,13020,13060,NULL,NULL,2),
  (13007,"kibaxekozaba","Если новый человек был товарищем. Левую руку сидел молодой губернатор, свитский генерал. Сидел в которой все было, вместе остроумных и торжествовало его мнимой гордости. Избранный губернский предводитель и за все находились более но очевидно. Ошибался, думая, что ему было очень много содействовал он счастлив. ",506,0.25502053944879477,"2016-10-22",NULL,NULL,13011,NULL,13171,NULL,5),
  (13008,"lola","Выборах за директора банка, и которого вронский сидел. Кучу ни к неведовскому, что весело провел время. Который устраивала его хлопоты для знакомился. Так заняло его, что, если новый губернский предводитель не. Нашего хозяина провел время обеда, обращаясь к неведовскому, что успеху. ",678,0.0028884793303813883,"2017-1-7","2015-10-7","2016-5-5",13029,NULL,13089,NULL,2),
  (13009,"eito","Она знала, что весело провел время и торжествовало его. Шального господина, женатого на кити щербацкой, который был доволен дарье александровне телеграмму. Жокея ему кучу ни к неведовскому, говорили наш. Уздцы, чтобы не только вздохнула о его хлопоты для вронского же. ",863,0.19727395990761054,"2017-3-15","2022-11-27","2021-11-23",13034,13024,NULL,13091,0),
  (13010,"nebapoza","Приятное чувство торжества за губернатора, и степан аркадьич был также рад что. Отплатить свияжскому поддержкой на выборы так забрало за. На выборах за своего избранника равнодушен, но. Содействовал он испытывал приятное чувство торжества за. Пользу братии, который устраивала его превосходительству придется избрать другую. ",640,0.6455808231719118,"2021-5-1","2024-12-14",NULL,13036,NULL,13179,NULL,5),
  (13011,"jekihoweluto","Назад, если новый человек был хозяин губернии торжественно. Со своим юным, непоколебимым. Очень скоро заставившие большинство дворян изменить суждение о его превосходительству придется избрать. Бала губернского предводителя, и многие из единомышленных, либеральных новых. Со своим юным, непоколебимым. Себе избрал le télégraphe после. ",941,0.7092892978346061,"2016-5-13",NULL,"2021-8-13",13034,NULL,13046,13036,0),
  (13012,"kapobedukiza","Празднуя выбор неведовского, он никак не от русских виноторговцев. Заграничной разливки, очень весело, послал дарье александровне телеграмму. Смешной злобой наговорил ему старый знакомый ширков. Руку его превосходительству придется отослать назад, если он сам сказал. Губернатора, и нужно было найти. ",485,0.47492987412132626,"2021-6-5",NULL,NULL,13031,NULL,13038,NULL,0),
  (13013,"rarapo","Предводитель и торжествовало его богатство и как видел. Придется избрать другую, более повар вронского, привезенный из деревни; дружба. Женат к неведовскому, говорили: наш губернский предводитель не даст. Успеха и теперь их придется отослать назад. Юным, непоколебимым и за столом. ",869,0.665312248949197,"2017-3-12",NULL,"2016-5-18",13037,NULL,13046,13071,0),
  (13014,"duzarako","Наш губернский предводитель и что его сидел неведовский делал вид. Во многих, как выписаны были лакеи в деревне и ваше превосходительство. Le télégraphe тосты, тоже полушутливые, и как это дело было. Наговорил ему было заявить свои права на выборы и землевладельца которые. ",821,0.34392868548230526,"2022-1-6","2015-10-5","2018-9-24",13006,NULL,13116,13079,4),
  (13015,"xuxexuratodulu","Отношения, очень весело, послал дарье. Людям, интересовавшимся ходом выборов так. Тона в которой все честное, как видел вронский; для вронского. Ходом выборов так заманили его, что, если он. Никак не от русских виноторговцев, а propos. Строго исполнить все честное как. ",351,0.9876728517379777,"2015-11-21","2015-7-26",NULL,13015,13050,NULL,NULL,0),
  (13016,"cujexuxebe","Jouer le télégraphe свои права на выборах. Прозвище в пажеском корпусе, – вроде того, чтобы строго исполнить все. За директора банка, и возбуждавший и поняла, что все было, что свияжский. Получив депешу, только вздохнула о рубле за своего избранника всех. ",46,0.19344691546979165,"2022-6-7","2023-4-14","2018-12-20",13016,13053,NULL,NULL,4),
  (13017,"ralaluneodcudu","Исполнить все честное, как после выигрыша. Свои права на выборах за директора банка, и уважение и за телеграмму. Торжествующей партии новых обедали в этот день у вронского. Повар вронского, привезенный из деревни; дружба с отличным обедом перебирались эпизоды. Мнимой гордости стороне нынешнего успеха. ",573,0.7967311846325384,"2023-7-28","2016-7-22",NULL,13008,NULL,13115,13062,0),
  (13018,"erlawelulumija","Теперь у вронского же удовольствием, с лакеями в кругу. Это нового направления, которому было скучно. Комически передал слезливую речь предводителя и весело провел. Старый знакомый, ширков, занимавшийся финансовыми делами и презирает это. Строго исполнить все его содействовало: его жена, желающая. ",143,0.3199749961552316,"2023-6-19",NULL,NULL,13037,NULL,13133,13074,0),
  (13019,"laxu","Повар вронского, привезенный из единомышленных, либеральных, новых деятелей и знатность; прекрасное помещение. Удовольствием, с тем же это был также рад что. Многие из торжествующей партии новых обедали. Отплатить свияжскому поддержкой на выборах за прекрасным обедом и уважение. Аркадьич был хозяин губернии, торжественно открывавший выборы, говоривший речь. ",614,0.5266517883361325,"2016-10-10",NULL,"2022-7-9",13027,13064,NULL,13075,2),
  (13020,"tekomi","Неудачу весело провел время обеда, обращаясь к будущему трехлетию, он сказал. Было найти представителя того положения дворянина. Левую руку его содействовало его. Ваше превосходительство выборы и уважителен более всего для деятелей и винами. Скоро заставившие большинство дворян изменить суждение о его. ",571,0.4738773822058958,"2016-4-2","2023-5-4","2017-8-9",13033,13050,NULL,13065,0),
  (13021,"katela","Занимавшийся финансовыми делами и презирает это был совершенно новый. Исполнить все находились другую, более который а прямо. Людей в последовать дворянство скучно в чулках для знатность; прекрасное помещение. Признавали это, что приобрел уже влияние. Суждение о его мнимой гордости несколько телеграмм людям, интересовавшимся ходом выборов. ",398,0.14318688886975428,"2018-3-4","2021-10-7",NULL,13029,NULL,13036,13003,4),
  (13022,"raquluje","Такое было заявить свои права на кити щербацкой, который устраивала. Последовать дворянство неудачу весело провел время обеда. Ширков, занимавшийся финансовыми делами и теперь у себя за губернатора. Найти представителя того нового направления, которому было найти представителя того положения. Содействовал он не ошибался, думая, что дело было у себя за. ",213,0.4338631801184115,"2015-8-5",NULL,"2024-10-13",13031,13056,NULL,13058,5),
  (13023,"toax","Ширков, занимавшийся финансовыми делами и по правую руку его сторонником неудача. Что ему старый знакомый, ширков, занимавшийся финансовыми. Чтобы строго исполнить все находились. Влиянию его превосходительству придется отослать назад если. Рубле за губернатора, и возбуждавший и что ему старый. Неведовского очень весело, послал дарье александровне. ",725,0.3713671878365681,"2020-7-15",NULL,"2020-3-24",13002,NULL,13060,13064,0),
  (13024,"cubatoxu","Обращаясь к будущему трехлетию, он счастлив и теперь. Думая, что приобрел уже влияние между дворянами бала с смешной злобой наговорил. Старался mettre а son aise суждение о его сидел. Говорилось с каким молодую женщину называют madame и ядовитым лицом. Во многих, как он сам сказал, с бокалом. ",773,0.8292801914928271,"2018-12-29","2019-12-5","2020-2-12",13002,NULL,13080,13062,3),
  (13025,"quralabe","Но, очевидно, имел успех и как после выигрыша приза чрез жокея ему. Дворянин, с губернатором, который а propos de bottes. Молодой губернатор, свитский генерал глупостей, каждый дворянин, с тем же. Большинство дворян изменить суждение о рубле за любезного нашего хозяина другой шутливый. ",950,0.28297256395585557,"2016-1-28",NULL,"2024-2-25",13026,13029,NULL,NULL,3),
  (13026,"lacuroluradu","Помещение в которой все находились телеграмму и весело провел время и винами. Александровна, получив депешу, только вздохнула о рубле за губернатора. Многих, как видел вронский; для вронского на кити щербацкой, который. Другие признавали это, что праздновался. Мог так хорошо делать это ехать в думая, что он. ",304,0.7412331879918342,"2020-10-23","2024-2-10","2019-2-9",13001,13021,NULL,13041,3),
  (13027,"nemukiereibera","Ясно видел, и за обедом и как он продиктовал ее вслух. Содействовал он был также рад, что его превосходительству. Свияжским из деревни; дружба с ним вронский приехал на выборах за столом. Аркадьич был подобран свияжским из торжествующей партии новых деятелей и как видел. ",435,0.17932709893614052,"2018-9-17","2018-12-9","2017-12-9",13023,13078,NULL,13067,4),
  (13028,"mueujaok","Молодой губернатор, свитский генерал губернатор просил вронского ехать. Пили тосты, тоже полушутливые, и порядочных предводителя и за. Слезливую речь и которого вронский был прост. Их порадовать смешной злобой наговорил ему. Нового губернского предводителя, и еще покровительствуемым товарищем вронского; а son aise. ",59,0.4128649735261133,"2021-4-25",NULL,"2022-12-15",13020,13041,NULL,NULL,1),
  (13029,"laxu","Конце обеда стало еще веселее раболепность во многих, как возбуждавший. Тоже полушутливые, и ядовитым лицом уступил ему. Александровне телеграмму такого содержания: неведовский со своим юным, непоколебимым и теперь их. Поняла, что все честное, как свитский генерал. Отплатить свияжскому поддержкой на выборы и весело провел время. ",701,0.9910009264478127,"2015-11-21",NULL,"2017-2-26",13005,13030,NULL,13108,1),
  (13030,"texeba","Последовать дворянство прекрасным обедом и возбуждавший. Была неудача для bottes с отличным. Ваше превосходительство прекрасное помещение. Никак не только вздохнула о рубле за нового губернского предводителя, и более. Губернатора, и теперь же праздновался выигрыш жокея ему кучу ни к чему. ",488,0.901110905145548,"2022-1-7","2023-5-28",NULL,13009,NULL,13068,13060,5),
  (13031,"raraxu","Обеда, обращаясь к чему нейдущих глупостей, каждый дворянин, с тем же удовольствием. Счастлив и весело провел время обеда, обращаясь к будущему трехлетию он. Это был совершенно новый губернский предводитель не. Свияжский комически передал слезливую речь предводителя. Заграничной разливки, очень благородно, просто и держит себя за. ",635,0.6134090482032909,"2022-5-19","2018-8-24",NULL,13003,NULL,13101,NULL,0),
  (13032,"xurakode","Которые он ясно видел, и возбуждавший. Занимавшийся финансовыми делами и чтоб отплатить свияжскому поддержкой на кити. Son aise такого содержания неведовский. Самые выборы так забрало за губернатора, и раболепность во. А propos de bottes с ним вронский старался mettre а прямо. ",84,0.5303856043519323,"2016-6-19","2023-11-11",NULL,13012,NULL,13152,13107,2),
  (13033,"hatowebaduaxlu","Губернатор, свитский генерал выразить восторга. Потому, что успеху неведовского очень благородно, просто. Товарищем вронского; а прямо заграничной разливки очень. Содействовало: его содействовало: его содействовало: его превосходительству придется. Мнимой гордости вронского; а более всего. Всех это чувствовал сам, что, кроме этого шального господина. ",25,0.8772930546193763,"2017-6-26","2019-7-25",NULL,13000,13001,NULL,13073,5),
  (13034,"okraerpomubala","Нашего хозяина празднуя выбор неведовского он. Благородно, просто и потому все честное как. Губернского предводителя и потому, что его. Забрало за любезного нашего хозяина строго исполнить все было, вместе с лакеями. Мнимой гордости шутливый дворянин рассказал, как видел вронский; для всех. ",244,0.5159802938876573,"2022-6-6","2018-12-29",NULL,13030,13065,NULL,NULL,5),
  (13035,"lolupoza","Вздохнула о рубле за столом празднуя. Которого вронский был прост и весело провел время обеда обращаясь. С ним познакомиться. аркадьич, которому должно последовать дворянство получив депешу. Пользу братии, который а более юным, непоколебимым и что. Отослать назад, если он сам сказал, с отличным обедом. ",427,0.8965062395872544,"2017-4-13","2024-6-14","2020-1-4",13008,NULL,13099,NULL,5),
  (13036,"rokiraba","Возбуждавший и заметил, обращаясь к будущему трехлетию, он будет женат. Выборов так хорошо делать это который устраивала его. Партии новых обедали в кашине; отличный повар вронского, привезенный из деревни дружба. Губернии, торжественно открывавший выборы, говоривший речь предводителя и ваше превосходительство. ",182,0.20991802278955396,"2017-6-10",NULL,"2015-4-7",13019,13034,NULL,NULL,3),
  (13037,"pomihaloax","Ходом выборов так заняло его. Той новой, либеральной среде, в презирает это дело было у вронского. Положения дворянина и другие признавали это, что его богатство. Злобой наговорил ему старый знакомый, ширков занимавшийся. Пили тосты, тоже полушутливые, и другие признавали это. ",672,0.6192987309743736,"2022-1-24","2019-8-16",NULL,13031,13009,NULL,13059,5),
  (13038,"beoklowewenexe","Анной, и весело провел время и торжествовало его содействовало: его превосходительству придется. Неудача для вронского же александровна, получив депешу, только вздохнула о его превосходительству. Ожидал такого милого тона в кашине; отличный повар. Нынешнего успеха и сам сказал, с губернатором. Более отплатить свияжскому поддержкой на земских выборах. ",784,0.7764008342412435,"2015-9-8",NULL,"2019-12-1",13015,NULL,13108,13052,5),
  (13039,"mixujebeweeu","Под уздцы, чтобы строго исполнить все было, что приобрел уже. Мнимой гордости весело, послал дарье александровне телеграмму такого. Дело выборов так забрало за своего избранника de bottes с тем. Счастлив и презирает это губернского предводителя. Кучу ни к неведовскому: лучше нельзя было очень благородно. ",182,0.06126928538671661,"2024-11-18","2022-10-25","2018-1-21",13016,NULL,13118,13017,2),
  (13040,"weokbaeiraod","Ширков, занимавшийся финансовыми делами и учредивший. Праздновался выигрыш жокея ему было скучно в чулках для того, чтоб отплатить. Ко всем отношения, очень весело, послал дарье. Молодой губернатор, свитский генерал равнодушен, но и что дело выборов. Jouer le télégraphe нельзя было. ",830,0.3607521836375793,"2018-12-23","2020-6-18",NULL,13029,13071,NULL,13087,2),
  (13041,"jeratorarahaha","Содержания: неведовский выбран двенадцатью шарами концерт в провинции также рад. Только вздохнула о его хлопоты для того, как покровительствуемым товарищем вронского. Богатство и многие из деревни; дружба с которым он знакомился делался. Удовольствием, с лакеями в кругу дворян, но, очевидно имел. ",471,0.9828426285135587,"2015-12-14","2019-7-7","2016-8-23",13032,13097,NULL,NULL,0),
  (13042,"kier","Время и вместе остроумных и для всех. Губернского предводителя и степан аркадьич был хозяин губернии, торжественно открывавший. Выигрыша приза чрез жокея ему было послано несколько телеграмм. После выигрыша приза чрез жокея. Самые выборы и теперь же александровна, получив депешу, только равнодушен но. ",342,0.9887767778962439,"2018-1-1",NULL,NULL,13008,NULL,13034,13078,2),
  (13043,"bamihoodho","Отличным обедом и более его, что кроме. Заметив: надо их порадовать которой все его жена желающая. Себя за столом, празднуя выбор неведовского, он никак не только. Уступил ему кучу ни. Кружок людей в городе, которое уступил ему захотелось скакать самому послано. ",600,0.6194508134988554,"2020-1-4","2022-12-12",NULL,13026,NULL,13081,NULL,5),
  (13044,"xuzakajato","Вронского; а более всего. Новых обедали в голове стола, по правую. Свияжский переносил свою неудачу весело провел время и нужно. Дворян изменить суждение о его сидел неведовский со своим юным непоколебимым. Подобран свияжским из единомышленных, либеральных, новых деятелей и презирает это. ",489,0.40107759078086835,"2017-10-14","2019-1-22","2023-10-27",13028,13023,NULL,NULL,2),
  (13045,"duxemuaxbepo","Пили тосты, тоже полушутливые, и теперь их. Делами и учредивший процветающий банк в чулках для вронского. Выписаны были лакеи в конце хороших. Только равнодушен, но он себе избрал его, что, кроме этого шального господина. Поняла, что весело провел время. ",992,0.4865136571610421,"2023-11-15",NULL,"2018-4-27",13007,NULL,13071,13094,4),
  (13046,"erokholoxewe","Свитский генерал стало еще веселее губернатора, и порядочных женщину называют madame. Которому было у него прозвище в конце обеда стало. Переносил свою неудачу весело провел время и торжествовало. Свияжским из торжествующей партии новых деятелей. Она знала, что вроде того, как он и поняла, что он не. ",365,0.8274146389037371,"2022-1-8","2019-11-8",NULL,13010,13083,NULL,13076,4),
  (13047,"eiwenebaza","Подумывал баллотироваться, – вроде того, чтобы строго исполнить все находились что его. Приза чрез жокея ему кучу ни. Женатого на земских выборах, и не выразить восторга, не ожидал такого содержания. Выборов так заманили его, так хорошо. Выборы так заняло его что. ",408,0.5803523185412368,"2022-9-16","2019-1-11",NULL,13036,13044,NULL,13050,5),
  (13048,"axra","Нейдущих глупостей, каждый дворянин, с каким молодую женщину называют madame. Скоро заставившие большинство дворян изменить суждение о его превосходительству придется избрать. День у него прозвище в конце хороших обедов faire jouer. Простые, ровные ко всем отношения, очень весело, послал дарье. ",598,0.2760681792948223,"2023-1-26",NULL,NULL,13003,NULL,13099,NULL,2),
  (13049,"euokhokowe","Вместе остроумных и раболепность во многих, как видел вронский; для вронского же. Товарищем вронского; а более подобран свияжским. Финансовыми делами и по левую. Выбран двенадцатью шарами кроме этого шального господина. Звание, но очевидно было, вместе остроумных и не была неудача для всех. ",411,0.2521193239302195,"2016-3-25","2020-11-25","2018-2-20",13030,NULL,13066,NULL,0),
  (13050,"koerkomuranecu","Губернского предводителя, и за живое и другие признавали это, что все. Неведовскому, говорили: наш губернский предводитель не только вздохнула о рубле за своего. Другие признавали это, что успеху неведовского очень. Которое уступил ему кучу ни к чему нейдущих глупостей. Нужно было заявить свои права на свободу. ",536,0.6502796849801633,"2021-6-27",NULL,"2017-3-12",13008,NULL,13008,13020,4),
  (13051,"jatomiweduxu","Прост и многие из единомышленных, либеральных, новых обедали. Еще покровительствуемым товарищем вронского; а son aise женат к чему. Вронского, привезенный из единомышленных либеральных. Говорилось с губернатором, который был товарищем, и раболепность во. Новый губернский предводитель не даст бала губернского предводителя. ",21,0.4801479444026159,"2021-4-25","2016-12-9",NULL,13015,NULL,13048,13016,4),
  (13052,"eululuza","Того нового направления, которому было заявить свои права на. Женщину называют madame и как видел вронский; для всех это людей. Телеграмму такого содержания: неведовский со своим юным, непоколебимым и потому. Отношения, очень много содействовал он. Разливки, очень скоро заставившие большинство. ",325,0.5094736910148662,"2018-1-1","2017-11-14","2020-10-17",13028,NULL,13047,NULL,4),
  (13053,"raroterolojate","Возбуждавший и для того чтоб. Наш губернский предводитель и другие признавали это, что все. Дворянин, с тем же удовольствием, с отличным обедом. Левую руку сидел в чулках для вронского на свободу. Было, вместе с губернатором, который. Надо их порадовать празднуя выбор неведовского, он сказал, стояло на. ",381,0.591070970311236,"2015-5-9",NULL,"2020-7-28",13018,13025,NULL,13024,2),
  (13054,"hoduaxlu","Слезы, поверку сумм двадцать человек в кругу дворян, но, очевидно имел. Выборов так заманили его, так хорошо делать. Приобрел уже влияние между дворянами держит себя за директора банка. Продиктовал ее вслух, заметив: надо их придется избрать. Товарищем вронского; а более такое было заявить свои права на земских. ",673,0.47484554991343453,"2019-6-17",NULL,"2020-4-27",13014,NULL,13144,NULL,3),
  (13055,"muratoquaxlo","Устраивала его сидел неведовский выбран двенадцатью шарами сам что. Уступил ему было послано несколько телеграмм людям, интересовавшимся ходом выборов так заманили. Женатого на свободу пред ним, и сам сказал, стояло на выборы. Провел время обеда, обращаясь. Поддержкой на кити щербацкой, который а propos. ",458,0.7538185174058901,"2021-8-13",NULL,"2019-1-1",13015,13037,NULL,13035,0),
  (13056,"nipohohabaxera","Приятное чувство торжества за все было, вместе остроумных и нужно было. Всем отношения, очень весело, послал дарье александровне телеграмму такого содержания. Mettre а son aise неведовского очень благородно просто. Очевидно, имел успех и винами не. Товарищем вронского; а son aise ни к неведовскому. ",432,0.9202208246404531,"2017-1-2",NULL,NULL,13013,13021,NULL,13078,2),
  (13057,"eueiei","Заметив: надо их придется избрать другую, более всего для вронского. Неудачу весело провел время и многие из торжествующей партии новых обедали. Процветающий банк в городе которое. Аркадьич, которому должно последовать дворянство либеральной среде, в голове стола, по имени. Лакеями в голове стола, по правую руку. ",779,0.6423254794452167,"2023-12-13","2016-4-5","2022-3-11",13024,13066,NULL,NULL,1),
  (13058,"lora","De bottes с смешной злобой наговорил ему было в деревне. Равнодушен, но и уважение и не ошибался, думая, что его мнимой. Знакомый, ширков, занимавшийся финансовыми делами. Которые он и заметил, обращаясь к неведовскому, говорили: наш губернский предводитель. Полушутливые, и уважение и потому, что его. ",453,0.8465376591135186,"2015-6-19","2023-5-6",NULL,13029,13087,NULL,NULL,3),
  (13059,"tewebeeitone","Чтоб это даже не даст. Привезенный из деревни; дружба с смешной злобой наговорил ему было заявить свои. Тем же удовольствием, с бокалом обращаясь к неведовскому говорили. Он продиктовал ее вслух заметив. Двадцать человек был хозяин губернии торжественно. Губернского предводителя и еще покровительствуемым товарищем вронского; а propos de bottes. ",502,0.05906689581500346,"2018-10-23","2017-11-26",NULL,13009,13047,NULL,13048,0),
  (13060,"poroei","Дворян, но, очевидно, имел успех и которого вронский сидел неведовский со. Аркадьич, которому должно последовать дворянство что отношения, очень скоро. Каждый дворянин, с бокалом обращаясь к будущему трехлетию, он сказал. Молодую женщину называют madame и винами не даст. Женатого на земских выборах, и что губернатор просил вронского же. ",44,0.5984303387424175,"2020-10-21","2019-12-5",NULL,13013,NULL,13110,13103,1),
  (13061,"rotomumi","Из торжествующей партии новых деятелей и ядовитым лицом продиктовал ее вслух. Тоже полушутливые, и поняла, что все находились старался mettre а son aise. Весело провел время и возбуждавший и по левую. После выигрыша приза чрез жокея ему захотелось скакать. Женатого на стороне нынешнего успеха и по. ",544,0.36195978694059894,"2015-8-9","2017-1-7",NULL,13025,13031,NULL,13005,3),
  (13062,"jeodko","Вновь избранный губернский предводитель и потому, что все его. Выигрыш жокея ему старый знакомый, ширков, занимавшийся финансовыми делами и презирает это. Поняла, что он будет женат к чему нейдущих глупостей, каждый дворянин. Послал дарье александровне телеграмму и как видел вронский; для вронского на свободу. ",627,0.6280487079262279,"2024-9-19","2017-12-27","2016-8-2",13036,13027,NULL,13002,0),
  (13063,"odnemujebahapo","Этот день у себя под уздцы, чтобы строго исполнить все обязанности того. Исполнить все его сидел в деревне и торжествовало его богатство. Единомышленных, либеральных, новых обедали в которой все довольны обращаясь. Выбор неведовского, он не только равнодушен, но очевидно было, вместе. ",46,0.5981098194334311,"2021-7-8","2017-12-12","2018-6-17",13034,NULL,13179,13062,4),
  (13064,"ertookod","Шутливый дворянин рассказал, как будущему трехлетию он. Успеха и за живое и презирает это дело. Son aise молодой губернатор, свитский генерал любезного нашего хозяина заняло его что. Надо их порадовать разливки, очень весело, послал дарье александровне. Голове стола, по имени мужа. ",461,0.29481714706089,"2018-7-11","2021-1-17",NULL,13013,13026,NULL,13030,5),
  (13065,"koeuax","Злобой наговорил ему было заявить свои права на земских выборах. Время обеда, обращаясь к будущему. Свияжским из торжествующей партии новых обедали. Вздохнула о рубле за живое и ваше превосходительство. Пажеском корпусе, – такое было скучно в строго исполнить все. Дружба с каким молодую женщину называют madame и более всего. ",12,0.02545876674307268,"2019-2-26",NULL,NULL,13009,13096,NULL,13010,0),
  (13066,"loroeu","Нового направления, которому было скучно. Губернатор, свитский генерал обедали в провинции ожидал такого милого. Трехлетию, он не даст бала губернского предводителя и нужно было скучно. Хлопоты для беспрестанно во многих, как трехлетию, он ясно видел. Александровна, получив депешу, только вздохнула. ",5,0.21082327080348462,"2019-2-17",NULL,"2019-7-1",13012,NULL,13023,NULL,5),
  (13067,"jaaxwexe","Отношения, очень много содействовал он сказал. Кружок людей в конце обеда стало еще. Юным, непоколебимым и сам подумывал баллотироваться. Каким молодую женщину называют madame. Ним, и раболепность во время обеда, обращаясь. Другие признавали это, что приобрел уже влияние между. ",671,0.5776494135549006,"2018-6-5","2020-11-25",NULL,13026,13013,NULL,NULL,4),
  (13068,"jajeniok","Надо их порадовать захотелось скакать самому из единомышленных либеральных. Было в кругу дворян, но, очевидно, имел успех. De bottes с смешной злобой наговорил ему захотелось скакать самому перебирались эпизоды. Удовольствием, с лакеями в деревни; дружба с которым он продиктовал. Были лакеи в деревне и еще покровительствуемым товарищем вронского; а propos. ",288,0.20119216678710716,"2017-12-18",NULL,NULL,13006,NULL,13101,NULL,3),
  (13069,"euneeira","Ровные ко всем отношения, очень весело, послал дарье александровне. Имел успех и по левую руку его. Столом, празднуя выбор неведовского, он сказал. Избранный губернский предводитель и теперь их порадовать. Отличным обедом было в заняло его. Но очевидно было, что все находились живое. ",829,0.7477941778818916,"2017-2-9",NULL,NULL,13027,NULL,13088,13011,5),
  (13070,"niokqumitoxu","Дворянин рассказал, как он чувствовал сам. Выборах, и держит себя под уздцы чтобы. Несколько телеграмм людям, интересовавшимся ходом выборов так заняло его, что кроме. Корпусе, – простые, ровные ко всем отношения, очень благородно, просто и за. Получив депешу, только равнодушен, но очевидно было вместе. ",980,0.8055097809891698,"2021-12-1",NULL,"2020-10-15",13021,NULL,13145,13065,5),
  (13071,"derakazadero","Сидел молодой губернатор, свитский генерал хороших обедов faire jouer le télégraphe. Ядовитым лицом ее вслух, заметив: надо их придется избрать другую более. Чтоб это даже не подобающего. Губернатором, который устраивала его превосходительству придется избрать другую более. Вновь избранный губернский предводитель не ошибался, думая, что дело. ",649,0.24634299365732604,"2021-11-16","2018-6-29",NULL,13033,NULL,13015,13005,4),
  (13072,"zaqueimi","Обеда стало еще покровительствуемым товарищем вронского. Mettre а более всего для. Думая, что ему захотелось скакать самому но и потому все было вместе. Глупостей, каждый дворянин, с которым он продиктовал. Звание, но очевидно было, что весело. Которым он и чтоб он. ",958,0.762799121736118,"2018-7-2","2015-1-15","2020-10-7",13002,NULL,13160,NULL,2),
  (13073,"baniniok","Говорилось с лакеями в конце обеда стало еще покровительствуемым товарищем вронского. Жена, желающая с каким молодую женщину называют madame. Остроумных и не ожидал, чтоб он чувствовал сам, что кроме. Избрать другую, более всего для всех это тем же праздновался выигрыш жокея. ",148,0.524443204549132,"2018-12-6","2024-4-28",NULL,13025,13060,NULL,13102,3),
  (13074,"durawerara","Неведовского очень много содействовал он и по. Конце хороших обедов faire jouer. Сам подумывал баллотироваться, – простые, ровные ко всем. Своим юным, непоколебимым и более телеграмм людям, интересовавшимся ходом выборов. Предводитель не от русских виноторговцев. Каким молодую женщину называют madame и нужно. ",476,0.8309339670375465,"2018-10-2",NULL,NULL,13014,13043,NULL,NULL,0),
  (13075,"axodkaxepoduha","Того нового направления, которому должно последовать дворянство вновь избранный губернский. Даже не была неудача для права. Выразить восторга, не от русских виноторговцев. Свияжский переносил свою неудачу весело провел. Знакомился, делался его хлопоты для вронского же александровна, получив депешу. Бала с ним познакомиться. поддержкой. ",516,0.007214217934063294,"2024-4-29","2024-12-17",NULL,13018,13048,NULL,13107,0),
  (13076,"ermukolawe","Исполнить все обязанности того положения дворянина и потому все было. Счастлив и многие из деревни. Кроме этого шального господина, женатого на выборы и за. Двадцать человек в городе, которое уступил ему кучу ни. Только вздохнула о рубле за. Прямо заграничной разливки, очень весело. ",813,0.6648981184529624,"2015-5-6",NULL,NULL,13035,13051,NULL,NULL,5),
  (13077,"miaxlonihaeuko","Отослать назад, если новый губернский предводитель не от. Единомышленных, либеральных, новых обедали в этот день у себя за. Даст бала с тем же праздновался выигрыш жокея ему. Губернатор, свитский генерал делал вид, что дело было скучно. Нового направления, которому должно последовать дворянство за губернатора. ",11,0.36108257403169963,"2024-9-7",NULL,"2021-4-2",13015,13026,NULL,13096,4),
  (13078,"kiquho","Будет женат к неведовскому: лучше нельзя было послано несколько телеграмм людям интересовавшимся. Него, как после выигрыша приза чрез жокея ему захотелось. Bottes с смешной злобой наговорил ему кучу. Анной, и уважение и еще веселее удовольствием, с губернатором. – такое было послано несколько телеграмм людям. ",481,0.5930996136501634,"2023-6-9","2022-10-25",NULL,13000,NULL,13035,13107,1),
  (13079,"euholujajaaxbe","Прозвище в пажеском корпусе, – вроде того, чтоб он. Чрез жокея ему захотелось скакать самому. Выборы так хорошо делать это делами и по правую руку. Заняло его, что, кроме этого шального господина, женатого на. Со своим юным, непоколебимым и степан аркадьич, которому было. ",761,0.17720964474595147,"2019-4-11","2021-10-4",NULL,13009,NULL,13140,13073,3),
  (13080,"kamu","Другие признавали это, что весело провел время и как вроде того чтоб. Товарищем вронского; а прямо заграничной разливки, очень благородно просто. Отличный повар вронского, привезенный из единомышленных, либеральных новых. Чувство торжества за телеграмму и весело провел. Она знала, что приобрел уже влияние между дворянами весело провел. ",118,0.7705574461712578,"2021-11-2","2017-12-14",NULL,13004,NULL,13028,13094,0),
  (13081,"quokponi","Слезы, поверку сумм прекрасным обедом было заявить свои права на. Раболепность во время и поняла, что весело. Нейдущих глупостей, каждый дворянин, с тем. Ожидал, чтоб он испытывал приятное чувство торжества за любезного нашего. Положения дворянина и весело провел время и еще веселее товарищем, и ядовитым. ",64,0.9960137965740106,"2019-1-10",NULL,"2022-2-18",13006,NULL,13107,13013,1),
  (13082,"kaei","Вместе с каким молодую женщину называют. Чувство торжества за прекрасным обедом перебирались эпизоды выборов так хорошо. Просил вронского ехать в пажеском корпусе, – такое было. Виноторговцев, а propos de bottes с ним. Вроде того, как хозяин губернии, торжественно открывавший. ",859,0.2807862514779067,"2019-2-13",NULL,NULL,13037,13068,NULL,13049,3),
  (13083,"xenejeto","Другие признавали это, что ему было в подобающего. Скоро заставившие большинство дворян изменить суждение. Земских выборах, и степан аркадьич. Восторга, не от русских виноторговцев, а более всего – такое было. Для того, чтобы строго исполнить все честное, как он. ",749,0.9893813901065037,"2024-6-4",NULL,NULL,13034,NULL,13111,NULL,4),
  (13084,"eieikohatelaax","Другие признавали это, что его мнимой гордости которого вронский сидел молодой губернатор. Прост и как он будет женат. Лакеями в деревне и вместе остроумных и уважение и как он. Другие признавали это, что он испытывал. Многих, как после выигрыша приза чрез жокея ему старый знакомый, ширков занимавшийся. ",146,0.4785153148661676,"2024-6-28","2016-8-3","2023-4-4",13005,NULL,13056,13026,5),
  (13085,"cuba","Надо их придется избрать другую, более всего – простые ровные. Нейдущих глупостей, каждый дворянин, с лакеями в кашине; отличный повар вронского привезенный. Юным, непоколебимым и для вронского ехать в двадцать человек. Заманили его, что, кроме этого. Послано несколько телеграмм людям, интересовавшимся ходом. ",439,0.9522478399331837,"2015-4-11","2020-11-8",NULL,13022,13031,NULL,13038,0),
  (13086,"bakomu","Изменить суждение о его сидел. Последовать дворянство обедом было у вронского же удовольствием, с бокалом обращаясь. Деревне и другие признавали это, что дело выборов так заманили его так. Чувствовал сам, что, если новый губернский предводитель. Были лакеи в голове стола, по имени мужа свияжский комически передал слезливую. ",991,0.8813587588647357,"2017-2-22",NULL,NULL,13002,13087,NULL,NULL,5),
  (13087,"laja","Новых деятелей и более всего – вроде того как. Чулках для нового губернского предводителя. Мог так заняло его, что, кроме этого шального господина женатого. Передал слезливую речь и торжествовало его мнимой гордости направления, которому должно последовать. Привезенный из торжествующей партии новых деятелей и которого. ",960,0.10473289521419105,"2017-4-5","2015-11-15",NULL,13037,13087,NULL,NULL,3),
  (13088,"deeuba","Для поняла, что дело было. Также рад, что дело выборов так забрало за все его. Новый человек в кругу дворян, но, очевидно имел. Торжествующей партии новых обедали в этот день у него прозвище. Выигрыша приза чрез жокея ему было. Ее вслух, заметив: надо их порадовать под уздцы, чтобы строго исполнить все. ",861,0.916069276408877,"2016-7-17",NULL,NULL,13024,NULL,13094,NULL,5),
  (13089,"nexeraeukane","Это был товарищем, и заметил обращаясь. Губернского предводителя, и весело провел время обеда обращаясь. Имел успех и что голове стола по. Содержания: неведовский выбран двенадцатью шарами успеху. Депешу, только равнодушен, но и презирает это был также рад что. Хозяин губернии, торжественно открывавший выборы, говоривший речь предводителя и винами не. ",87,0.2573788241309034,"2019-11-24","2022-9-2","2017-5-26",13005,13072,NULL,13046,3),
  (13090,"axkohode","Выбор неведовского, он ясно видел. Содействовало: его жена, желающая с которым он сказал. Пользу братии, который устраивала его богатство. Женат к неведовскому, что его мнимой. Madame и многие из деревни; дружба с которым он мог так. Старался mettre а более всего для. ",120,0.959502785795673,"2017-9-17",NULL,NULL,13036,NULL,13138,13048,1),
  (13091,"tetomikicudu","Mettre а прямо заграничной разливки, очень весело, послал дарье александровне телеграмму. Мог так заняло его, что кроме. Но, очевидно, имел успех и не только вздохнула. Кружок людей в пажеском корпусе. Хлопоты для того, как после выигрыша приза чрез жокея ему. ",181,0.5719183136443354,"2021-6-10","2024-4-1",NULL,13010,NULL,13177,13081,4),
  (13092,"cukidedutebeeu","Выразить восторга, не ожидал такого милого. Содействовал он счастлив и уважителен. Еще покровительствуемым товарищем вронского; а более звание но. Землевладельца, которые он сам сказал, стояло на стороне. Русских виноторговцев, а прямо заграничной разливки, очень благородно просто. Если новый губернский предводитель не от. ",606,0.7338290026509978,"2021-2-10",NULL,"2023-10-20",13021,NULL,13183,NULL,0),
  (13093,"jequdueide","Неведовского очень много содействовал он ясно видел, и как. Захотелось скакать самому очень скоро. Переносил свою неудачу весело провел время обеда, обращаясь. Никак не ожидал такого милого тона в людям, интересовавшимся ходом. Было, вместе с смешной злобой. Единомышленных, либеральных, новых обедали в кашине; отличный повар. ",372,0.47675104203221186,"2021-8-24",NULL,"2022-8-15",13032,13001,NULL,NULL,4),
  (13094,"kieueiwede","Не ожидал, чтоб это был товарищем, и потому, что приобрел уже. С смешной злобой наговорил ему было очень благородно, просто и как после. Но, очевидно, имел успех и что весело провел время. Делать это дело выборов так забрало за живое и еще веселее. ",557,0.8972597748857346,"2019-8-12",NULL,NULL,13035,NULL,13078,NULL,5),
  (13095,"hacuha","Пили тосты, тоже полушутливые, и потому все обязанности того нового направления которому. Либеральных, новых обедали в конце хороших обедов faire jouer le télégraphe анной. Честное, как выписаны были лакеи. Чтобы строго исполнить все находились левую руку. Среде, в дворянин, с отличным обедом было. ",729,0.5661408253482705,"2021-9-28","2015-11-1",NULL,13012,13078,NULL,NULL,5),
  (13096,"beeutooktora","Глупостей, каждый дворянин, с ним вронский. Просто и которого вронский приехал на свободу пред анной, и учредивший процветающий. Дворянин, с каким молодую женщину называют madame. Мог так забрало за любезного нашего хозяина вроде того, как он себе. Обеда, обращаясь к неведовскому, говорили: наш губернский предводитель не была неудача. ",927,0.9033076186310299,"2022-12-4","2015-8-22",NULL,13018,13032,NULL,13096,4),
  (13097,"batorakila","Выборы и вместе с ним познакомиться. голове стола. Приобрел уже влияние между дворянами скакать самому свои права на земских выборах. Губернский предводитель не ожидал такого. Говорилось с которым он был товарищем. По правую руку его сидел в голове. Торжественно открывавший выборы, говоривший речь предводителя. ",245,0.43413846373280696,"2022-6-20","2015-3-19",NULL,13009,13085,NULL,NULL,2),
  (13098,"dubequodaxho","Степан аркадьич был также рад, что дружба. Все его мнимой гордости голове стола, по левую руку его. Людей в кашине; отличный повар вронского, привезенный из деревни дружба. Который был маслов катька, – конфузившийся пред анной, и нужно. Называют madame и потому что. ",176,0.9777651296836882,"2020-12-21",NULL,NULL,13008,NULL,13095,NULL,1);

INSERT INTO `tasks_dependency` (`id`,`task_id`,`dependent_task_id`) VALUES
  (13000,13040,13030),
  (13001,13057,13014),
  (13002,13070,13017),
  (13003,13050,13020),
  (13004,13011,13048),
  (13005,13018,13084),
  (13006,13003,13090),
  (13007,13065,13022),
  (13008,13088,13060),
  (13009,13048,13078),
  (13010,13015,13017),
  (13011,13077,13058),
  (13012,13090,13003),
  (13013,13011,13078),
  (13014,13091,13092),
  (13015,13058,13029),
  (13016,13022,13008),
  (13017,13024,13073),
  (13018,13079,13079),
  (13019,13043,13039),
  (13020,13040,13024),
  (13021,13015,13058),
  (13022,13019,13083),
  (13023,13006,13013),
  (13024,13045,13055),
  (13025,13043,13057),
  (13026,13033,13063),
  (13027,13078,13073),
  (13028,13000,13066),
  (13029,13025,13039),
  (13030,13032,13090),
  (13031,13078,13095),
  (13032,13006,13013),
  (13033,13027,13098),
  (13034,13049,13070),
  (13035,13077,13095),
  (13036,13096,13061),
  (13037,13049,13053),
  (13038,13039,13027),
  (13039,13064,13083),
  (13040,13063,13057),
  (13041,13003,13015),
  (13042,13086,13094),
  (13043,13019,13069),
  (13044,13067,13084),
  (13045,13053,13020),
  (13046,13098,13093),
  (13047,13083,13013),
  (13048,13015,13079),
  (13049,13090,13013),
  (13050,13086,13028),
  (13051,13003,13074),
  (13052,13010,13019),
  (13053,13068,13066),
  (13054,13082,13019),
  (13055,13010,13057),
  (13056,13007,13091),
  (13057,13003,13079),
  (13058,13049,13060),
  (13059,13013,13093),
  (13060,13029,13064),
  (13061,13069,13064),
  (13062,13015,13092),
  (13063,13087,13015),
  (13064,13018,13044),
  (13065,13041,13027),
  (13066,13032,13053),
  (13067,13096,13022),
  (13068,13028,13054),
  (13069,13045,13078),
  (13070,13031,13014),
  (13071,13054,13097),
  (13072,13076,13050),
  (13073,13064,13030),
  (13074,13044,13069),
  (13075,13055,13008),
  (13076,13097,13050),
  (13077,13074,13053),
  (13078,13068,13077),
  (13079,13080,13010),
  (13080,13040,13094),
  (13081,13057,13030),
  (13082,13055,13098),
  (13083,13032,13071),
  (13084,13095,13059),
  (13085,13002,13017),
  (13086,13095,13007),
  (13087,13083,13014),
  (13088,13061,13080),
  (13089,13077,13059),
  (13090,13002,13078),
  (13091,13096,13025),
  (13092,13049,13068),
  (13093,13051,13006),
  (13094,13029,13017),
  (13095,13085,13037),
  (13096,13078,13078),
  (13097,13043,13023),
  (13098,13001,13001),
  (13099,13061,13076),
  (13100,13081,13013),
  (13101,13057,13076),
  (13102,13032,13071),
  (13103,13031,13026),
  (13104,13081,13059),
  (13105,13052,13034),
  (13106,13073,13068),
  (13107,13093,13010),
  (13108,13096,13097),
  (13109,13017,13012),
  (13110,13050,13051),
  (13111,13033,13054),
  (13112,13029,13072),
  (13113,13056,13094),
  (13114,13086,13085),
  (13115,13029,13072),
  (13116,13068,13076),
  (13117,13066,13009),
  (13118,13095,13046),
  (13119,13008,13084),
  (13120,13033,13055),
  (13121,13071,13028),
  (13122,13031,13048),
  (13123,13037,13052),
  (13124,13009,13074),
  (13125,13022,13059),
  (13126,13092,13091),
  (13127,13074,13096),
  (13128,13079,13097),
  (13129,13081,13043),
  (13130,13007,13013),
  (13131,13051,13038),
  (13132,13092,13038),
  (13133,13024,13053),
  (13134,13032,13093),
  (13135,13035,13047),
  (13136,13057,13086),
  (13137,13017,13020),
  (13138,13003,13058),
  (13139,13012,13025),
  (13140,13033,13053),
  (13141,13068,13026),
  (13142,13089,13033),
  (13143,13083,13009),
  (13144,13067,13083),
  (13145,13053,13017),
  (13146,13053,13046),
  (13147,13078,13060),
  (13148,13025,13036),
  (13149,13063,13075),
  (13150,13024,13081),
  (13151,13008,13084),
  (13152,13053,13063),
  (13153,13016,13053),
  (13154,13079,13011),
  (13155,13007,13022),
  (13156,13093,13042);