INSERT INTO `user` (`id`, `name`, `password`, `first_name`, `middle_name`, `last_name`, `is_admin`, `group_id`)
	VALUES (14001, "user14001", "pass14001", "Василий", "Петрович", "Пупочкин", false, 14001),
		   (14002, "user14002", "pass14002", "Сергей", "Алексеевич", "Саркасян", false, 14001),
		   (14003, "user14003", "pass14003", "Евгения", "Альбертовна", "Сырникова", false, 14002),
		   (14004, "user14004", "pass14004", "Георгий", "Бертранович", "Первый", false, 14002),
		   (14005, "user14005", "pass14005", "Алексей", "Александрович", "Абупкин", false, 14003);

INSERT INTO `user_group` (`id`, `name`, `parent_id`) 
	VALUES (14001, "administrators", 14001),
		   (14002, "developers", 14002),
		   (14003, "users", 14003);
		   
INSERT INTO `contacts_type` (`id`,`name`,`regexp`)
	VALUES (14001,"mobile-phone","\\d{3}-\\d{3}-\\d{4}"),
		   (14002,"work-phone","\\d{2}-\\d{2}-\\d{2}"),
		   (14003,"eMail",".+@.{2,}\\..{2,}");
		   
INSERT INTO `contact` (`id`,`name`,`user_id`,`type_id`)
	VALUES (14001, "contact@mail.ru",14001, 14003 ),
		   (14002, "bugaga@gmail.com", 14002, 14003),
		   (14002, "ololol@gmail.com", 14002, 14003),
		   (14002, "bg@tut.by", 14003, 14003),
		   (14002, "29-03-12", 14001, 14002),
		   (14002, "483-291-2334", 14004, 14001),
		   (14002, "123-456-7890", 14005, 14001);
		   
INSERT INTO `projects_category` (`id`, `name`, `parent_id`)
	VALUES (14001, "infosystems", null),
	       (14002, "Java", 14001),
	       (14003, "C#", 14001),
	       (14004, "C++", 14001),
	       (14005, "Web", null),
	       (14006, "Drupal", 14005),
	       (14007, "Joomla", 14005),
	       (14008, "Wordpress", 14005),
	       (14009, "Moodle", 14005),
	       (14010, "assembler", 14001);

INSERT INTO `project` (`id`, `name`, `description`,`category_id`,`manager_id`)
	VALUES (14001, "Первый мега-проект", "Описание первого мега-проекта",14001,14001),
		   (14002, "Design for mega project", "Есть готовый проект, к которому нужно прикрутить удобный пользователю дизайн",14005,14002),
		   (14003, "Второй мега-проект", "Описание второго мега-проекта",14001,14003);
		   
INSERT INTO `team` (`id`,`project_id`,`leader_id`)
	VALUES (14001, 14001,14001),
		   (14002, 14005,14002),
		   (14003, 14001,14003);		   
		   
	
INSERT INTO `employee` (`id`, `user_id`, `team_id`,`role`)
	VALUES (14001, 14001, 14001, 0),
		   (14002, 14002, 14002, 0),
		   (14003, 14003, 14003, 0),
		   (14004, 14004, 14001, 1),
		   (14005, 14005, 14002, 1);
		   	   		
INSERT INTO `module` (`id`, `name`, `parent_id`, `project_id`)
	VALEUS (14001, "авторизация", null, 14001),
		   (14002, "вход в систему", 14001, 14001),
		   (14003, "выход из системы", 14001, 14001),
		   (14004, "инструменты авторизированного пользователя", null, 14001),
		   (14005, "CRUD операции", 14004, 14001);
		   (14006, "авторизация", null, 14002),
		   (14007, "вход в систему", 14006, 14002),
		   (14008, "выход из системы", 14006, 14002),
		   (14009, "инструменты авторизированного пользователя", null, 14002),
		   (14010, "CRUD операции", 14009, 14002);
		   (14011, "авторизация", null, 14003),
		   (14012, "вход в систему", 14011, 14003),
		   (14013, "выход из системы", 14011, 14003),
		   (14014, "инструменты авторизированного пользователя", null, 14003),
		   (14015, "CRUD операции", 14014, 14003);	
	
INSERT INTO `actor` (`id`, `name`, `project_id`)
	VALUES (14001, "unknown user", 14001),
		   (14002, "admin", 14001),
		   (14003, "user", 14001),
		   (14004, "unknown user", 14002),
		   (14005, "admin", 14002),
		   (14006, "user", 14002),
		   (14007, "unknown user", 14003),
		   (14008, "admin", 14003),
		   (14009, "user", 14003);	
		   
INSERT INTO `tasks_category` (`id`, `name`, `parent_id`)
	VALUES (14001, "Логика проекта", null ),
		   (14002, "Работа с БД", null),
		   (14003, "Составление документации по проекту", null),
		   (14004, "Технические задания", null),
		   (14005, "Заполнение таблиц БД", 14002);
		   
INSERT INTO `use_case` (`id`, `name`, `module_id`)
	VALUES (14001, "case_1", 14001),
		   (14002, "case_2", 14001),
		   (14003, "case_3", 14001),
		   (14004, "case_4", 14002),
		   (14005, "case_5", 14003),
		   (14006, "case_6", 14002),
		   (14007, "case_7", 14002),
		   (14008, "case_8", 14003),
		   (14009, "case_9", 14004),
		   (14010, "case_10", 14004),
		   (14011, "case_11", 14005),
		   (14012, "case_12", 14005);
		   
INSERT INTO `requirement` (`id`, `name`, `description`, `importance`, `change_probability`, `use_case_id`, `module_id`)
	VALUES (14001, "req1", "Описание задачи", 0.5, 0.1, 14001, 14001),
		   (14002, "req2", "Описание задачи", 0.6, 0.5, 14001, 14002),
		   (14003, "req3", "Описание задачи", 1.0, 0.4, 14002, 14003),
		   (14004, "req4", "Описание задачи", 0.9, 0.3, 14003, 14002),
		   (14005, "req5", "Описание задачи", 0.8, 0.0, 14003, 14003),
		   (14006, "req6", "Описание задачи", 0.4, 0.9, 14004, 14001),
		   (14007, "req7", "Описание задачи", 0.5, 0.1, 14005, 14006);
		   
INSERT INTO `task` (`id`, `name`, `description`, `plan_time`, `difficulty`, `open_date`, `accept_date`, `close_date`,`category_id`, `requirement_id`, `module_id`,`employee_id`,`status`)
	VALUES (14001, "task1", "Описание", 1, 0.1, "29.03.2014", "12.04.2014", null, 14001, 14001, 14001, 14001, 1),
		   (14002, "task2", "Описание", 6, 0.2, "29.03.2014", "22.04.2014", "24.04.2014", 14002, 14002, 14002, 14002, 1),
		   (14003, "task3", "Описание", 10, 0.3, "15.05.2014", "28.05.2014", null, 14003, 14003, 14003, 14003, 2),
		   (14004, "task4", "Описание", 2, 0.4, "16.04.2014", "19.04.2014", null, 14004, 14004, 14004, 14004, 2),
		   (14005, "task5", "Описание", 15, 0.5, "17.05.2014", "18.05.2014", null, 14005, 14005, 14005, 14005, 3);

INSERT INTO `tasks_dependency` (`id`,`task_id`,`dependent_task_id`)
	VALUES (14001, 14001, 14001),
		   (14002, 14003, 14002);


INSERT INTO use_cases_relation (`id`,`source_id`,`destination_id`,`type`)
	VALUES (14001,14002,14001,2),
		   (14002,14005,14004,3),
		   (14003,14005,14004,1); 	      