INSERT INTO `users_group` (`id`,`name`,`parent_id`) VALUES
(21000, "math", NULL),
(21001, "mfcurs1", 21000),
(21002, "mfcurs2", 21000),
(21003, "mfcurs3", 21000),
(21004, "mfcurs4", 21000),
(21005, "mfcurs5", 21000),
(21006, "p11", 21001),
(21007, "p12", 21001),
(21008, "p13", 21001),
(21009, "p14", 21001),
(21010, "p21", 21002),
(21011, "p22", 21002),
(21012, "p23", 21002),
(21013, "p24", 21002),
(21014, "p31", 21003),
(21015, "p32", 21003),
(21016, "p33", 21003),
(21017, "p34", 21003),
(21018, "p41", 21004),
(21019, "p42", 21004),
(21020, "p43", 21004),
(21021, "p44", 21004),
(21022, "p51", 21005),
(21023, "p52", 21005),
(21024, "p53", 21005),
(21025, "p54", 21005),
(21026, "filfac", NULL),
(21027, "ffcurs1", 21026),
(21028, "ffcurs2", 21026),
(21029, "ffcurs3", 21026),
(21030, "ffcurs4", 21026),
(21031, "ffcurs5", 21026)
(21031, "teacher", 21026);

INSERT INTO `user` (`id`,`name`,`password`,`first_name`,`middle_name`,`last_name`,`is_admin`,`group_id`) VALUES
(21000, "tuk", "addsxvefgnF", "Александр", "Семёнович", "Григорьев", 0, 21006),
(21001, "alink", "eVOZ0GnPkK", "Любовь", "Данииловна", "Гуляева", 1, 21000),
(21002, "qwe123", "Nis1qYDalo", "Богдан", "Львович", "Колобов", 0, 21006),
(21003, "bumbum", "yeR5hH3n88", "Елизавета", "Викторовна", "Елисеева", 0, 21007),
(21004, "krush", "nk8Vl0vzpt", "Диана", "Денисовна", "Брагина", 0, 21007),
(21005, "swen", "4kBtfbMhN5", "Богдан", "Вячеславович", "Марков", 0, 21008),
(21006, "lian", "VAbG64tWK5", "Юлия", "Тимуровна", "Вишнякова", 0, 21008),
(21007, "vivian", "FEzH21cIrh", "Надежда", "Степановна", "Захарова", 0, 21009),
(21008, "Candaridi", "ShhAznGnVi", "Никита", "Тимурович", "Рогов", 1, 21000),
(21009, "Gairija", "vDUtAj5kqv", "Анна", "Ростиславовна", "Куликова", 0, 21010),
(21010, "Ara", "Q6xFAmzmYJ", "Анна", "Сергеевна", "Белякова", 0, 21010),
(21011, "Alllioaso", "fg8XNdJqMZ", "Артём", "Владиславович", "Трофимов", 0, 21011),
(21012, "Fonnnani", "pglbW9yzbz", "Илья", "Антонович", "Николаев", 1, 21000),
(21013, "Lid", "PPBimtV0fy", "Анастасия", "Львовна", "Рожкова", 0, 21012),
(21014, "Efledi", "RhLsgUJuqx", "Оксана", "Станиславовна", "Уварова", 0, 21013),
(21015, "Bac", "dwnVYij14t", "Юрий", "Григорьевич", "Костин", 0, 21014),
(21016, "Iansinas", "2n6s6abpaU", "Юрий", "Аркадьевич", "Овчинников", 0, 21014),
(21017, "Frrire", "AcC94jXXjL", "Степан", "Витальевич", "Вишняков", 0, 21015),
(21018, "Dac", "dZIyCrAKsO", "Фёдор", "Николаевич", "Тетерин", 0, 21016),
(21019, "Qudelbavi", "VwXMGIrsVz", "Ольга", "Евгеньевна", "Большакова", 1, 21000),
(21020, "Rendosala", "1I1EcrYIyc", "Алина", "Владимировна", "Абрамова", 0, 21018),
(21021, "Ogwile", "87QSHXLasM", "София", "Станиславовна", "Соболева", 0, 21019),
(21022, "Stab", "y6CvfRbPxD", "Алексей", "Юрьевич", "Бирюков", 0, 21020),
(21023, "Lorlen", "ANyWhNYn2Z", "Тимур", "Аркадьевич", "Федосеев", 0, 21021),
(21024, "Tan", "FqWLN2W4xJ", "Николай", "Игоревич", "Зыков", 0, 21022),
(21025, "Unedion", "NhdI46XbgT", "Вадим", "Артёмович", "Иванов", 1, 21000),
(21026, "Maham", "pmjcrcmolX", "Елена", "Анатольевна", "Гришина", 0,21023),
(21027, "Listali", "eJRVAJb43i", "Кристина", "Максимовна", "Евдокимова", 0, 21024),
(21028, "Brkarle", "C8R1pdgvLs", "Кирилл", "Никитич", "Блинов", 0, 21025),
(21029, "Senyanana", "xuoCOH07Bk", "Евгения", "Валериевна", "Александрова", 0, 21025),
(21030, "Ttin", "NXFmYd6l37", "Эдуард", "Викторович", "Дмитриев", 0, 21031),
(21031, "Eladf", "pVeHcX1Xex", "Олег", "Никитич", "Дорофеев", 0, 21031),
(21032, "Hanay", "9i61ypEQiB", "Валерий", "Геннадьевич", "Русаков", 0, 21031),
(21033, "Theeye", "Zk3gqiR88k", "Николай", "Богданович", "Калашников", 0, 21031),
(21034, "Zarancrey", "rHe4gqtDza", "Елизавета", "Яковлевна", "Капустина", 0, 21031),
(21035, "Brndanobe", "vbX9mTOsR0", "Иван", "Борисович", "Щербаков", 0, 21031),
(21036, "Chin", "UDYKmULZWx", "Вадим", "Иванович", "Белозёров", 0, 21031);

INSERT INTO `contacts_type` (`id`,`name`,`regexp`) VALUES
	(21000,"mobilePhone","\\d{3}-\\d{3}-\\d{4}"),
	(21001,"homePhone","\\d{2}-\\d{2}-\\d{2}"),
	(21002,"workPhone","\\d{2}-\\d{2}-\\d{2}"),
	(21003,"mail",".+@.{2,}\\..{2,}"),
	(21004,"address",".+");
	
INSERT INTO `contact` (`id`,`name`,`user_id`,`type_id`) VALUES
(21000, "mobilePhone1", 21000, 21000),
(21001, "mobilePhone2", 21001, 21000),
(21002, "mobilePhone3", 21002, 21000),
(21003, "mobilePhone4", 21003, 21000),
(21004, "mobilePhone5", 21004, 21000),
(21005, "mobilePhone6", 21005, 21000),
(21006, "mobilePhone7", 21006, 21000),
(21007, "mobilePhone8", 21007, 21000),
(21008, "homePhone1", 21012, 21001),
(21009, "homePhone2", 21013, 21001),
(21010, "homePhone3", 21014, 21001),
(21011, "workPhone4", 21015, 21002),
(21012, "workPhone5", 21016, 21002),
(21013, "workPhone6", 21017, 21002),
(21014, "mail1", 21024, 21003),   
(21015, "mail2", 21025, 21003),
(21016, "mail3", 21026, 21003),
(21017, "mail4", 21027, 21003),
(21018, "mail5", 21028, 21003),
(21019, "mail6", 21021, 21003),
(21020, "address1", 21007, 21004),
(21021, "address2", 21008, 21004),       
(21022, "address3", 21009, 21004),
(21023, "address4", 21010, 21004),
(21024, "address5", 21011, 21004),
(21025, "address6", 21012, 21004),
(21026, "address7", 21013, 21004),
(21027, "address8", 21014, 21004),
(21028, "mobilePhone", 21012, 21000),
(21029, "mobilePhone10", 21027, 21000),
(21030, "mobilePhone"11, 210159, 21000);

INSERT INTO `projects_category` (`id`,`name`,`parent_id`) VALUES
(21000, "занятие", NULL),
(21001, "лекция", 21000),
(21002, "практика", 21000),
(21003, "лабораторная", 21000);

INSERT INTO `project` (`id`,`name`,`description`,`category_id`,`manager_id`) VALUES
(21000, "ytoza", "Людей, рассуждающих логически, больше, нежели красноречивых. Красноречие есть искусство приукрашивать логику.", 21003, 21030),
(21001, "yxaza", "Неопровержимая логика характерна для маньяка", 21001, 21031),
(21002, "olote", "Без логики почти невозможно внесение в наш мир гениальных находок интуиции.", 21002, 21030),
(21003, "aleka", "Глупость бывает обычно логична.", 21001, 21031),
(21004, "ozylo", "Логика предваряет всякий опыт, свидетельствующий, что нечто таково", 21002, 21033),
(21005, "yzyzy", "Мужчины не могут понять женскую логику, лишь из-за отсутствия своей... ", 21002, 21030),
(21006, "okyta", "Логика должна заботиться о себе сама. ", 21002, 21031),
(21007, "ozezo", "Лучшая защита от логики - невежество. ", 21001, 21033),
(21008, "ezazy", "Логика - смирительная рубашка фантазии. ", 21001, 21033),
(21009, "olyly", "Логика - это комод, в котором хранится полезная утварь и очень много ненужной", 21002, 21030),
(21010, "etylok", "Было бы крайне нелогично руководствоваться в жизни только логикой.", 21002, 21033),
(21011, "axexoz", "Логика - это нравственность мысли и речи. ", 21001, 21033),
(21012, "alozod", "Логика - это искусство приходить к непредсказуемому выводу.", 21002, 21031),
(21013, "akytox", "В логике нет ничего случайного. ", 21003, 21032),
(21014, "edydoz", "Любит, потому что любит, не любит, потому что не любит, - логика чувств и страстей коротка.", 21003, 21030),
(21015, "edakyz", "Логический опыт - это эксперимент, проделанный над самим собой, чтобы вскрыть противоречие. ", 21003, 21030),
(21016, "ykaxyz", "Логика не тождественна знанию, хотя область ее и совпадает с областью знания. Логика есть общий ценитель и судья всех частных исследований. Она не задается целью находить очевидность; она только определяет, найдена очевидность или нет. Логика не наблюдает, не изобретает, не открывает - она судит. [...] Итак, логика есть наука об отправлениях разума, служащих для оценки очевидности; она есть учение как о самом процессе перехода от известных истин к неизвестным, так и о всех других умственных действиях, поскольку они помогают этому процессу.", 21002, 21036),
(21017, "adetat", "Использование сравнений - одно из лучших средств обмануть себя и других. Человек, прибегающий к сравнениям, не чувствует в себе способности убедить других с помощью фактов и логики. ", 21002, 21036),
(21018, "ykazal", "Должно быть выявлено, что в логике нет чисел. Нет привилегированных чисел.", 21003, 21030),
(21019, "azotox", "Что Вы назовете логикой, ваши враги окрестят безрассудством.", 21003, 21032),
(21020, "ydydyl", "Женскую логику, похоже, изобрела ущемлённая мужская.", 21003, 21002); 

INSERT INTO `team` (`id`,`project_id`,`leader_id`) VALUES
(21000, 21011, 21019),
(21001, 21012, 21020),
(21002, 21013, 21021),
(21003, 21014, 21022),
(21004, 21001, 21023),
(21005, 21002, 21024),
(21006, 21003, 21004),
(21007, 21004, 21010),
(21008, 21017, 21006),
(21009, 21018, 21007),
(21010, 21019, 21008),
(21011, 21020, 21009);
               
INSERT INTO `employee` (`id`,`user_id`,`team_id`,`role`) VALUES
(21000, 21006, 21005, 1),
(21001, 21009, 21006, 0),
(21002, 21010, 21009, 1),
(21003, 21016, 21010, 1),
(21004, 21017, 21000, 1),
(21005, 21018, 21001, 0),
(21006, 21000, 21010, 0),
(21007, 21000, 21011, 0),
(21008, 21002, 21007, 0),
(21009, 21003, 21008, 0),
(21010, 21004, 21001, 0),
(21011, 21031, 21002, 1),
(21012, 21032, 21007, 0),
(21013, 21033, 21008, 1),
(21014, 21034, 21009, 1),
(21015, 21011, 21010, 0),
(21016, 21025, 21011, 1),
(21017, 21026, 21007, 0);

INSERT INTO `actor` (`id`,`name`,`project_id`) VALUES
(21000, "Fffrikale",21002),
(21001, "Banahem",21014),
(21002, "Tilir",21014),
(21003, "Xmald",21015),
(21004, "Osaf",21000),
(21005, "Minsaude",21000),
(21006, "Xist",21008),
(21007, "Sto",21015),
(21008, "Inam",21018),
(21009, "Pal",21020),
(21010, "Pohopi",21006),
(21011, "Tondaw",21018),
(21012, "Qurichad",21004),
(21013, "Tea",21020),
(21014, "Widonsova",21007),
(21015, "Ulex",21016),
(21016, "Rnst",21018),
(21017, "Siererxao",21014),
(21018, "Povenle",21020),
(21019, "Osadanne",21005),
(21020, "Kindinan",21009),
(21021, "Chelaishi",21012),
(21022, "Jab",21005);

INSERT INTO `actors_relation` (`id`,`parent_id`,`child_id`) VALUES
	(21000,21017,21008),
	(21001,21016,21011),
	(21002,21016,21001),
	(21003,21020,21011),
	(21004,21005,21001),
	(21005,21003,21002);

INSERT INTO `module` (`id`,`name`,`parent_id`,`project_id`) VALUES
(21000, "dfs", NULL, 21020),
(21001, "sdfrfdv", NULL, 21004),
(21002, "ewdfg", NULL, 21006),
(21003, "fdh", 21002, 21013),
(21004, "rgkj", NULL, 21017),
(21005, "asffhgn", 21000, 21009),
(21006, "sfghjk", NULL, 21016),
(21007, "lkjgfv", NULL, 21003),
(21008, "adfh", 21003, 21001),
(21009, "retjhn", NULL, 21006),
(21010, "kihhdv", NULL, 21009),
(21011, "dsfhh", NULL, 21012);

INSERT INTO `use_case` (`id`,`name`,`module_id`) VALUES
(21000, "efkjd", 21002),
(21001, "dsufhc", 21004),
(21002, "jekfd", 21006),
(21003, "jiewsjfc", 21002),
(21004, "ksdhfk", 21007),
(21005, "osdm", 21000),
(21006, "oewd", 21001),
(21007, "oemdn", 21003),
(21008, "iuew", 21003),
(21009, "onszh", 21006),
(21010, "pmxdnmlk", 21009),
(21011, "pcdh", 21011);

INSERT INTO `actor_use_case_relation` (`id`,`actor_id`,`use_case_id`) VALUES(13000,13000,13140),
	(21001,21022,21011),
	(21002,21008,21002),
	(21003,21016,21007),
	(21004,21007,21002),
	(21005,21017,21005),
	(21006,21012,21011),
	(21007,21004,21007),
	(21008,21003,21008),
	(21009,21013,21009),
	(21010,21015,21005),
	(21011,21012,21002),
	(21012,21013,21001),
	(21013,21020,21001),
	(21014,21003,21006),
	(21015,21006,21004),
	(21016,21020,21007),
	(21017,21002,21001),
	(21018,21001,21002),
	(21019,21009,21004),
	(21020,21006,21007),
	(21021,21021,21003),
	(21022,21001,21004),
	(21023,21003,21002),
	(21024,21007,21005),
	(21025,21010,21004),
	(21026,21021,21003);

INSERT INTO `requirement` (`id`,`name`,`description`,`importance`,`change_probability`,`use_case_id`,`module_id`) VALUES
(21000, "oihds", "удалить все", 0.92376, 0.632, 21010, 21008),
(21001, "oejdc", "добавить диаграммы", 0.8324, 0.832, 21003, 21002),
(21002, "encdlkn", "украсить", 0.3284, 0.4, 21008, 21011),
(21003, "iewo", "переписать отправку сообщения", 0.945, 0.7347, 21007, 21002),
(21004, "nkdhfiureh", "добавить кнопку", 0.9324, 0.847, 21003, 21010),
(21005, "jdhfu", "тесты", 0.45, 0.87324, 21011, 21007),
(21006, "ifihdcjx", "больше тестов", 0.743, 0.456, 21001, 21009),
(21007, "hsdd", "заменить анимацию", 0.8632, 0.83245, 21010, 21001),
(21008, "prefhsk", "добавить коментарии", 0.875, 0.564, 21000, 21001),
(21009, "hrehf", "рефакторинг", 0.435, 0.85786, 21006, 21010),
(21010, "jdshfe", "добавить английский язык", 0.435, 0.4375, 21002, 21002),
(21011 "awekdf", "проектрирование", 0.572, 0.8576, 21011, 21010);

INSERT INTO `tasks_category` (`id`,`name`,`parent_id`) VALUES
(21000,"kjsf",NULL),
(21001,"nrhfe",NULL),
	(21002,"hudshf",NULL),
	(21003,"esad",NULL),
	(21004,"iascd",21002),
	(21005,"jewaif",NULL),
	(21006,"esfc",NULL),
	(21007,"dsnfks",NULL),
	(21008,"smdk",NULL),
	(21009,"mcd",NULL),
	(21010,"cnfre",21005),
	(21011,"nfde",21002),
	(21012,"neirie",21001),
	(21013,"nws",21001),
	(21014,"mwe",NULL),
	(21015,"mis",21004),
	(21016,"ndsksk",21007),
	(21017,"bxds",NULL),
	(21018,"nseww",NULL),
	(21019,"woje",21004),
	(21020,"mfsjfe",NULL),
	(21021,"rwi",21003),
	(21022,"nwr",NULL),
	(21023,"jreioj",21002),
	(21024,"kndkfsd",NULL);

INSERT INTO `task` (`id`,`name`,`description`,`plan_time`,`difficulty`,`open_date`,`accept_date`,`close_date`,`category_id`,`requirement_id`,`module_id`,`employee_id`,`status`) VALUES
(21000, "mcnd", "Слова - это то единственное, что остаётся на века", 34, 0.45, "2015-04-12", "2015-05-12", "2015-05-22", 21014,NULL, 21000, 1),
(21001, "dsnckj", "Слова сопоставлять с делами", 75, 0.763, "2015-04-12", "2015-05-12", "2015-05-22", 21018, 21000, 21006, 5),
(21002, "dscck", "Нет ничего такого, что нельзя было бы уложить в простые, ясные слова", 23,0.327, "2015-04-12", "2015-05-12", "2015-05-22", 210024, 21011, 21011,2),
(21003, "dsdjc", "Слова обладают властью и зла, и добра. Когда слова и верные, и добрые, они способны изменить наш мир", 328, 0.368, "2013-04-12", "2015-07-14", "2015-09-12", 21002, 21010, 21000,2),
(21004, "msdkjc", "Если доведётся тебе услышать дурное слово, закопай его в землю на глубину в семь локтей", 72, 0.376, "2010-10-27", "2015-07-19", "2018-07-12", 21020, 21004, 21000,0),
(21005, "owejd", "И в бурьяне бывает красивый цветок, и у простых людей - мудрое слово", 15, 0.85,  "2015-04-12", "2015-04-12", "2015-04-22", null, 21002, 21000,2),
(21006, "ehdud", "Одно и то же, что от полыни горечь отнять и что у слова дерзость отсечь", 8, 0.6,  "2010-04-12", "2011-05-12", "2012-05-22", 21005, null 21001,1),
(21007, "jec", "Слишком красивые слова вызывают недоверие", 3, 0.6543, "2015-04-12", "2015-05-12", "2015-09-22", 21001, 21006, null,4),
(21008, "oiewjdcios", "Всё, что ты говоришь, говорит о тебе, и особенно то, что ты говоришь о других", 63, 0.73, "2012-09-16", "2015-12-10", null, null, 21001, 21011,4),
(21009, "p1ncdkjn", "Словарь сообщает о словах гораздо больше того, что вам нужно, но только не то, что вам нужно", 23, 0.76, "2015-04-09", "2015-05-12", "2015-05-22", 21001, null, 21006,1),
(21010, "jds", "Слова - это лишь маленькие звенья, связующие большие чувства и стремления, о которых мы не говорим вслух", 32, 0.7645, "2015-04-12", "2015-05-12", "2015-05-22", 21002, 21008, 21000,0),
(21011, "oksdd", "В одно и то же время слово называет, а фраза говорит", 74, 0.655, "2015-04-12", "2015-05-12", "2015-05-22", 21002, 21001, null,4),
(21012, "oweid", "Слова - это лишь бледные тени того бесчисленного множества мыслей, которые роятся у нас в голове", 3, 0.765, "2015-04-12", "2015-05-12", "2015-05-22", null, 21007, 21002,4),
(21013, "osdkjoc", "Беда, когда у человека не хватает ума, чтобы хорошо сказать, или здравого смысла, чтобы осторожно промолчать", 58,0.765, "2015-04-12", "2015-05-12", "2015-05-22", 21021, 21008, 21002,4),
(21014, "dsf", "Когда суть дела обдумана заранее, слова последуют без затруднений", 24, 0.765, "2015-04-12", "2015-05-12", null, 21003, null,21006,4),
(21015, "ewojd", "Если позорно не уметь владеть своим телом, то не менее позорно не уметь владеть словом", 13,0.786, "2015-01-12", "2015-05-12", null, 21002, 21003,5),
(21016, "jfdj", "Слово, идущее от сердца, проникает в сердце", 245,0.345, "2015-04-12", "2015-05-12", "2015-05-22", 21003, 21005,21004,6),
(21017, "kjewfc", "Не пренебрегай благословением невежды. Не пренебрегай проклятием невежды", 26,0.437, "2015-04-12", "2015-05-12", "2015-05-22", 21006, null 21003,4),
(21018, "jwsdj", "Бывают слова, сами по себе действующие особенно просветлённо. Они открыты и в них можно спокойно обосноваться", 34, 0.874, "2015-04-12", "2015-05-12", "2015-05-22", 21008, 21002, 21004,1),
(21019, "owedo","От одного слова да на век ссора", 9, 0.876, "2015-04-12", "2015-05-12", "2015-05-22", 21004, null, 21001,5),
(21020, "dejscj", "Слова теряют силу в своём множестве", 53,0.346, "2015-04-12", "2015-05-12", "2015-05-22", 21004, 21007, 21002,6),
(21021, "oekwdoc", "Все имеет свои имена, то есть может быть выражено в языке", 36, 0.45, "2015-04-12", "2015-05-12", null, 21004, 21007, 21006,0),
(21022, "jidsjfi", "Нет ничего в содержании, чего прежде не было бы в слове", 96,0.36, "2015-04-12", "2015-05-12", "2015-05-22", 21005, null, 21000,2),
(21023, "jdsifcj", "Слово - одежда всех фактов, всех мыслей", 2,0.6576, "2015-04-12", "2015-05-12", null, 21005, 21010, 21011,4),
(21024, "owed", "Когда не знаешь слов, нечем познавать людей", 42, 0.765,  "2015-04-12", "2015-05-12", "2015-08-22", 21005, 21007, 21003,2),
(21025, "wioejdi", "Работа - это главное в жизни. От всех неприятностей, от всех бед можно найти только одно избавление - в работе", 43, 0.25, "2015-04-12", "2015-05-12", null, 21007, 21007, 21005,4),
(21026, "sdoj", "Думать - вот самая тяжёлая работа и поэтому мало кто за неё берётся",29, 0.46, "2015-04-12", "2015-05-12", "2015-05-22", NULL, 21018, 21008, 21003,0),
(21027, "dsijfi", "Всякая работа трудна до времени, пока её не полюбишь, а потом - она возбуждает и становится легче", 82, 0.25, "2015-04-12", "2015-05-12", null, 21026, 21005, null,2);